/*!40101 SET @OLD_CHARACTER_SET_CLIENT=@@CHARACTER_SET_CLIENT */;
/*!40101 SET @OLD_CHARACTER_SET_RESULTS=@@CHARACTER_SET_RESULTS */;
/*!40101 SET @OLD_COLLATION_CONNECTION=@@COLLATION_CONNECTION */;
/*!40101 SET NAMES utf8 */;
/*!40014 SET @OLD_FOREIGN_KEY_CHECKS=@@FOREIGN_KEY_CHECKS, FOREIGN_KEY_CHECKS=0 */;
/*!40101 SET @OLD_SQL_MODE=@@SQL_MODE, SQL_MODE='NO_AUTO_VALUE_ON_ZERO' */;
/*!40111 SET @OLD_SQL_NOTES=@@SQL_NOTES, SQL_NOTES=0 */;


# Dump of table communes
# ------------------------------------------------------------

DROP TABLE IF EXISTS `communes`;

CREATE TABLE `communes` (
  `id` int(10) unsigned NOT NULL AUTO_INCREMENT,
  `daira_id` int(10) unsigned NOT NULL,
  `code` varchar(255) COLLATE utf8_unicode_ci NOT NULL,
  `name` varchar(255) COLLATE utf8_unicode_ci NOT NULL,
  `name_ar` varchar(255) COLLATE utf8_unicode_ci DEFAULT NULL,
  PRIMARY KEY (`id`),
  KEY `communes_daira_id_foreign` (`daira_id`),
  CONSTRAINT `communes_daira_id_foreign` FOREIGN KEY (`daira_id`) REFERENCES `dairas` (`id`)
) ENGINE=InnoDB DEFAULT CHARSET=utf8 COLLATE=utf8_unicode_ci;

LOCK TABLES `communes` WRITE;
/*!40000 ALTER TABLE `communes` DISABLE KEYS */;

INSERT INTO `communes` (`id`, `daira_id`, `code`, `name`, `name_ar`)
VALUES
	(1,101,'1','Adrar','أدرار'),
	(2,112,'2','Akabli','اقبلي'),
	(3,123,'3','Aougrout','أوقروت'),
	(4,112,'4','Aoulef','أولف'),
	(5,125,'5','Bordj Badji Mokhtar','برج باجي مختار'),
	(6,101,'6','Bouda','بودة'),
	(7,103,'7','Charouine','شروين'),
	(8,123,'8','Deldoul','دلدول'),
	(9,115,'9','Fenoughil','فنوغيل'),
	(10,111,'10','In Zghmir','إن زغمير'),
	(11,116,'11','Ksar Kaddour','قصر قدور'),
	(12,123,'12','Metarfa','المطارفة'),
	(13,101,'13','Ouled Ahmed Timmi','أولاد أحمد تيمي'),
	(14,103,'14','Ouled Aissa','أولاد عيسى'),
	(15,109,'15','Ouled Said','أولاد السعيد'),
	(16,104,'16','Reggane','رقان'),
	(17,104,'17','Sali','سالي'),
	(18,108,'18','Sebaa','السبع'),
	(19,103,'19','Talmine','طالمين'),
	(20,115,'20','Tamantit','تامنطيط'),
	(21,115,'21','Tamest','تامست'),
	(22,112,'22','Timekten','تيمقتن'),
	(23,125,'23','Timiaouine','تيمياوين'),
	(24,109,'24','Timimoun','تيميمون'),
	(25,116,'25','Tinerkouk','تنركوك'),
	(26,112,'26','Tit','تيت'),
	(27,108,'27','Tsabit','تسابيت'),
	(28,111,'28','Zaouiet Kounta','زاوية كنتة'),
	(29,222,'29','Abou El Hassane','أبو الحسن'),
	(30,232,'30','Ain Merane','عين مران'),
	(31,220,'31','Benairia','بنايرية'),
	(32,204,'32','Beni  Bouattab','بني بوعتاب'),
	(33,207,'33','Beni Haoua','بني حواء'),
	(34,229,'34','Beni Rached','بني راشد'),
	(35,212,'35','Boukadir','بوقادير'),
	(36,220,'36','Bouzeghaia','بوزغاية'),
	(37,207,'37','Breira','بريرة'),
	(38,210,'38','Chettia','الشطية'),
	(39,201,'39','Chlef','الشلف'),
	(40,206,'40','Dahra','الظهرة'),
	(41,230,'41','El Hadjadj','الحجاج'),
	(42,204,'42','El Karimia','الكريمية'),
	(43,223,'43','El Marsa','المرسى'),
	(44,204,'44','Harchoun','حرشون'),
	(45,232,'45','Herenfa','الهرانفة'),
	(46,210,'46','Labiod Medjadja','الأبيض مجاجة'),
	(47,223,'47','Moussadek','مصدق'),
	(48,229,'48','Oued Fodda','وادي الفضة'),
	(49,207,'49','Oued Goussine','وادي قوسين'),
	(50,212,'50','Oued Sly','وادي سلي'),
	(51,229,'51','Ouled Abbes','أولاد عباس'),
	(52,230,'52','Ouled Ben Abdelkader','أولاد بن عبد القادر'),
	(53,210,'53','Ouled Fares','أولاد فارس'),
	(54,201,'54','Oum Drou','أم الدروع'),
	(55,201,'55','Sendjas','سنجاس'),
	(56,202,'56','Sidi Abderrahmane','سيدي عبد الرحمن'),
	(57,202,'57','Sidi Akkacha','سيدي عكاشة'),
	(58,212,'58','Sobha','الصبحة'),
	(59,222,'59','Tadjena','تاجنة'),
	(60,222,'60','Talassa','تلعصة'),
	(61,206,'61','Taougrit','تاوقريت'),
	(62,202,'62','Tenes','تنس'),
	(63,220,'63','Zeboudja','الزبوجة'),
	(64,319,'64','Aflou','أفلو'),
	(65,307,'65','Ain Madhi','عين ماضي'),
	(66,310,'66','Ain Sidi Ali','عين سيدي علي'),
	(67,310,'67','El Beidha','البيضاء'),
	(68,302,'68','Benacer Benchohra','بن ناصر بن شهرة'),
	(69,313,'69','Brida','بريدة'),
	(70,304,'70','El Assafia','العسافية'),
	(71,314,'71','El Ghicha','الغيشة'),
	(72,307,'72','El Haouaita','الحويطة'),
	(73,310,'73','Gueltat Sidi Saad','قلتة سيدي سعد'),
	(74,313,'74','Hadj Mechri','الحاج مشري'),
	(75,306,'75','Hassi Delaa','حاسي الدلاعة'),
	(76,306,'76','Hassi R\'mel','حاسي الرمل'),
	(77,307,'77','Kheneg','الخنق'),
	(78,302,'78','Ksar El Hirane','قصر الحيران'),
	(79,301,'79','Laghouat','الأغواط'),
	(80,321,'80','Oued Morra','وادي مرة'),
	(81,321,'81','Oued M\'zi','وادي مزي'),
	(82,319,'82','Sebgag','سبقاق'),
	(83,319,'83','Sidi Bouzid','سيدي بوزيد'),
	(84,304,'84','Sidi Makhlouf','سيدي مخلوف'),
	(85,307,'85','Tadjemout','تاجموت'),
	(86,307,'86','Tadjrouna','تاجرونة'),
	(87,313,'87','Taouiala','تاويالة'),
	(88,408,'88','Ain Babouche','عين ببوش'),
	(89,402,'89','Ain Beida','عين البيضاء'),
	(90,408,'90','Ain Diss','عين الديس'),
	(91,425,'91','Ain Fekroun','عين فكرون'),
	(92,412,'92','Ain Kercha','عين كرشة'),
	(93,403,'93','Ain M\'lila','عين مليلة'),
	(94,401,'94','Ain Zitoun','عين الزيتون'),
	(95,424,'95','Behir Chergui','بحير الشرقي'),
	(96,402,'96','Berriche','بريش'),
	(97,417,'97','Bir Chouhada','بئر الشهداء'),
	(98,411,'98','Dhalaa','الضلعة'),
	(99,406,'99','El Amiria','العامرية'),
	(100,424,'100','El Belala','البلالة'),
	(101,411,'101','El Djazia','الجازية'),
	(102,425,'102','El Fedjoudj Boughrara Sa','الفجوج بوغرارة سعودي'),
	(103,412,'103','El Harmilia','الحرملية'),
	(104,416,'104','Fkirina','فكيرينة'),
	(105,412,'105','Hanchir Toumghani','هنشير تومغني'),
	(106,422,'106','Ksar Sbahi','قصر الصباحي'),
	(107,424,'107','Meskiana','مسكيانة'),
	(108,416,'108','Oued Nini','وادي نيني'),
	(109,403,'109','Ouled Gacem','أولاد قاسم'),
	(110,403,'110','Ouled Hamla','أولاد حملة'),
	(111,417,'111','Ouled Zouai','أولاد زواي'),
	(112,401,'112','Oum El Bouaghi','أم البواقي'),
	(113,424,'113','Rahia','الرحية'),
	(114,406,'114','Sigus','سيقوس'),
	(115,417,'115','Souk Naamane','سوق نعمان'),
	(116,402,'116','Zorg','الزرق'),
	(117,519,'117','Ain Djasser','عين جاسر'),
	(118,545,'118','Ain Touta','عين التوتة'),
	(119,507,'119','Ain Yagout','عين ياقوت'),
	(120,516,'120','Arris','أريس'),
	(121,543,'121','Azil Abedelkader','عزيل عبد القادر'),
	(122,542,'122','Barika','بريكة'),
	(123,501,'123','Batna','باتنة'),
	(124,545,'124','Beni Foudhala El Hakania','بني فضالة الحقانية'),
	(125,542,'125','Bitam','بيطام'),
	(126,536,'126','Boulhilat','بولهيلات'),
	(127,509,'127','Boumagueur','بومقر'),
	(128,507,'128','Boumia','بومية'),
	(129,535,'129','Bouzina','بوزينة'),
	(130,536,'130','Chemora','الشمرة'),
	(131,547,'131','Chir','شير'),
	(132,507,'132','Djerma','جرمة'),
	(133,543,'133','Djezzar','الجزار'),
	(134,519,'134','El Hassi','الحاسي'),
	(135,507,'135','El Madher','المعذر'),
	(136,501,'136','Fesdis','فسديس'),
	(137,530,'137','Foum Toub','فم الطوب'),
	(138,544,'138','Ghassira','غسيرة'),
	(139,551,'139','Gosbat','القصبات'),
	(140,551,'140','Guigba','القيقبة'),
	(141,504,'141','Hidoussa','حيدوسة'),
	(142,530,'142','Ichemoul','إشمول'),
	(143,530,'143','Inoughissen','إينوغيسن'),
	(144,544,'144','Kimmel','كيمل'),
	(145,504,'145','Ksar Bellezma','قصر بلزمة'),
	(146,535,'146','Larbaa','لارباع'),
	(147,505,'147','Lazrou','لازرو'),
	(148,553,'148','Lemcene','لمسان'),
	(149,542,'149','M Doukal','إمدوكل'),
	(150,545,'150','Maafa','معافة'),
	(151,506,'151','Menaa','منعة'),
	(152,504,'152','Merouana','مروانة'),
	(153,509,'153','N Gaous','نقاوس'),
	(154,501,'154','Oued Chaaba','وادي الشعبة'),
	(155,504,'155','Oued El Ma','وادي الماء'),
	(156,547,'156','Oued Taga','وادي الطاقة'),
	(157,543,'157','Ouled Ammar','أولاد عمار'),
	(158,545,'158','Ouled Aouf','أولاد عوف'),
	(159,550,'159','Ouled Fadel','أولاد فاضل'),
	(160,551,'160','Ouled Sellem','أولاد سلام'),
	(161,553,'161','Ouled Si Slimane','أولاد سي سليمان'),
	(162,508,'162','Ouyoun El Assafir','عيون العصافير'),
	(163,551,'163','Rahbat','الرحبات'),
	(164,551,'164','Ras El Aioun','رأس العيون'),
	(165,509,'165','Sefiane','سفيان'),
	(166,529,'166','Seggana','سقانة'),
	(167,505,'167','Seriana','سريانة'),
	(168,544,'168','T Kout','تكوت'),
	(169,551,'169','Talkhamt','تالخمت'),
	(170,553,'170','Taxlent','تاكسلانت'),
	(171,508,'171','Tazoult','تازولت'),
	(172,547,'172','Teniet El Abed','ثنية العابد'),
	(173,516,'173','Tighanimine','تيغانمين'),
	(174,506,'174','Tigharghar','تغرغار'),
	(175,529,'175','Tilatou','تيلاطو'),
	(176,550,'176','Timgad','تيمقاد'),
	(177,505,'177','Zanet El Beida','زانة البيضاء'),
	(178,624,'178','Adekar','أدكار'),
	(179,617,'179','Ait R\'zine','أيت رزين'),
	(180,620,'180','Ait-Smail','أيت إسماعيل'),
	(181,625,'181','Akbou','أقبو'),
	(182,629,'182','Akfadou','أكفادو'),
	(183,626,'183','Amalou','أمالو'),
	(184,602,'184','Amizour','أميزور'),
	(185,622,'185','Aokas','أوقاس'),
	(186,634,'186','Barbacha','برباشة'),
	(187,601,'187','Bejaia','بجاية'),
	(188,602,'188','Beni Djellil','بني جليل'),
	(189,624,'189','Beni K\'sila','بني كسيلة'),
	(190,627,'190','Beni-Mallikeche','بني مليكش'),
	(191,650,'191','Benimaouche','بني معوش'),
	(192,627,'192','Boudjellil','بو جليل'),
	(193,626,'193','Bouhamza','بوحمزة'),
	(194,611,'194','Boukhelifa','بوخليفة'),
	(195,625,'195','Chellata','شلاطة'),
	(196,629,'196','Chemini','شميني'),
	(197,620,'197','Darguina','درقينة'),
	(198,644,'198','Dra El Caid','ذراع القايد'),
	(199,639,'199','Leflaye','الفلاي'),
	(200,640,'200','El Kseur','القصر'),
	(201,640,'201','Fenaia Il Maten','فناية الماثن'),
	(202,602,'202','Feraoun','فرعون'),
	(203,636,'203','Ouzellaguen','أوزلاقن'),
	(204,617,'204','Ighil-Ali','إغيل علي'),
	(205,625,'205','Ighram','اغرم'),
	(206,634,'206','Kendira','كنديرة'),
	(207,644,'207','Kherrata','خراطة'),
	(208,626,'208','M\'cisna','مسيسنة'),
	(209,608,'209','Melbou','مالبو'),
	(210,601,'210','Oued Ghir','وادي غير'),
	(211,626,'211','Seddouk','صدوق'),
	(212,639,'212','Sidi Ayad','سيدي عياد'),
	(213,639,'213','Sidi-Aich','سيدي عيش'),
	(214,602,'214','Smaoun','سمعون'),
	(215,608,'215','Souk El Tenine','سوق لإثنين'),
	(216,629,'216','Souk Oufella','سوق اوفلا'),
	(217,611,'217','Tala Hamza','تالة حمزة'),
	(218,625,'218','Tamokra','تامقرة'),
	(219,608,'219','Tamridjet','تامريجت'),
	(220,624,'220','Taourit Ighil','تاوريرت إغيل'),
	(221,620,'221','Taskriout','تاسكريوت'),
	(222,627,'222','Tazmalt','تازمالت'),
	(223,629,'223','Tibane','طيبان'),
	(224,611,'224','Tichy','تيشي'),
	(225,639,'225','Tifra','تيفرة'),
	(226,607,'226','Timezrit','تيمزريت'),
	(227,639,'227','Tinebdar','تينبدار'),
	(228,622,'228','Tizi-N\'berber','تيزي نبربر'),
	(229,640,'229','Toudja','توجة'),
	(230,711,'230','Ain Naga','عين الناقة'),
	(231,717,'231','Ain Zaatout','عين زعطوط'),
	(232,708,'232','Besbes','بسباس'),
	(233,701,'233','Biskra','بسكرة'),
	(234,721,'234','Bordj Ben Azzouz','برج بن عزوز'),
	(235,721,'235','Bouchakroun','بوشقرون'),
	(236,720,'236','Branis','برانيس'),
	(237,705,'237','Chaiba','الشعيبة'),
	(238,711,'238','Chetma','شتمة'),
	(239,720,'239','Djemorah','جمورة'),
	(240,705,'240','Doucen','الدوسن'),
	(241,715,'241','El Feidh','الفيض'),
	(242,726,'242','El Ghrous','الغروس'),
	(243,701,'243','El Hadjab','الحاجب'),
	(244,711,'244','El Haouch','الحوش'),
	(245,717,'245','El Kantara','القنطرة'),
	(246,719,'246','El Outaya','الوطاية'),
	(247,726,'247','Foughala','فوغالة'),
	(248,715,'248','Khenguet Sidi Nadji','خنقة سيدي ناجي'),
	(249,721,'249','Lichana','ليشانة'),
	(250,724,'250','Lioua','ليوة'),
	(251,712,'251','M\'chouneche','مشونش'),
	(252,724,'252','Mekhadma','مخادمة'),
	(253,715,'253','Meziraa','المزيرعة'),
	(254,724,'254','M\'lili','مليلي'),
	(255,705,'255','Ouled Djellal','أولاد جلال'),
	(256,724,'256','Oumache','أوماش'),
	(257,724,'257','Ourlal','أورلال'),
	(258,708,'258','Ras El Miad','رأس الميعاد'),
	(259,708,'259','Sidi Khaled','سيدي  خالد'),
	(260,711,'260','Sidi Okba','سيدي عقبة'),
	(261,721,'261','Tolga','طولقة'),
	(262,715,'262','Zeribet El Oued','زريبة الوادي'),
	(263,817,'263','Abadla','العبادلة'),
	(264,801,'264','Bechar','بشار'),
	(265,807,'265','Beni-Abbes','بني عباس'),
	(266,818,'266','Beni-Ikhlef','بن يخلف'),
	(267,821,'267','Beni-Ounif','بني ونيف'),
	(268,806,'268','Boukais','بوكايس'),
	(269,814,'269','El Ouata','الواتة'),
	(270,817,'270','Erg-Ferradj','عرق فراج'),
	(271,811,'271','Igli','إقلي'),
	(272,810,'272','Kenadsa','القنادسة'),
	(273,818,'273','Kerzaz','كرزاز'),
	(274,803,'274','Ksabi','القصابي'),
	(275,806,'275','Lahmar','لحمر'),
	(276,817,'276','Machraa-Houari-Boumediene','مشرع هواري بومدين'),
	(277,810,'277','Meridja','المريجة'),
	(278,806,'278','Mogheul','موغل'),
	(279,803,'279','Ouled-Khodeir','أولاد خضير'),
	(280,812,'280','Tabelbala','تبلبالة'),
	(281,813,'281','Taghit','تاغيت'),
	(282,807,'282','Tamtert','تامترت'),
	(283,818,'283','Timoudi','تيمودي'),
	(284,912,'284','Ain Romana','عين الرمانة'),
	(285,905,'285','Beni Mered','بني مراد'),
	(286,904,'286','Beni-Tamou','بني تامو'),
	(287,904,'287','Benkhelil','بن خليل'),
	(288,901,'288','Blida','البليدة'),
	(289,901,'289','Bouarfa','بوعرفة'),
	(290,916,'290','Boufarik','بوفاريك'),
	(291,922,'291','Bougara','بوقرة'),
	(292,903,'292','Bouinan','بوعينان'),
	(293,903,'293','Chebli','الشبلي'),
	(294,912,'294','Chiffa','الشفة'),
	(295,905,'295','Chrea','الشريعة'),
	(296,914,'296','Djebabra','جبابرة'),
	(297,907,'297','El-Affroun','العفرون'),
	(298,916,'298','Guerrouaou','قرواو'),
	(299,922,'299','Hammam Elouane','حمام ملوان'),
	(300,917,'300','Larbaa','الأربعاء'),
	(301,914,'301','Meftah','مفتاح'),
	(302,912,'302','Mouzaia','موزاية'),
	(303,907,'303','Oued  Djer','وادي جر'),
	(304,904,'304','Oued El Alleug','وادي العلايق'),
	(305,922,'305','Ouled Slama','اولاد سلامة'),
	(306,905,'306','Ouled Yaich','أولاد يعيش'),
	(307,917,'307','Souhane','صوحان'),
	(308,916,'308','Soumaa','الصومعة'),
	(309,1037,'309','Aghbalou','أغبالو'),
	(310,1033,'310','Ahl El Ksar','أهل القصر'),
	(311,1035,'311','Ain El Hadjar','عين الحجر'),
	(312,1035,'312','Ain Laloui','عين العلوي'),
	(313,1001,'313','Ain Turk','عين الترك'),
	(314,1035,'314','Ain-Bessem','عين بسام'),
	(315,1001,'315','Ait Laaziz','أيت لعزيز'),
	(316,1005,'316','Aomar','أعمر'),
	(317,1033,'317','Bechloul','بشلول'),
	(318,1036,'318','Bir Ghbalou','بئر غبالو'),
	(319,1018,'319','Bordj Okhriss','برج أوخريص'),
	(320,1013,'320','Bouderbala','بودربالة'),
	(321,1001,'321','Bouira','البويرة'),
	(322,1013,'322','Boukram','بوكرم'),
	(323,1037,'323','Chorfa','شرفة'),
	(324,1038,'324','Dechmia','الدشمية'),
	(325,1038,'325','Dirah','ديرة'),
	(326,1005,'326','Djebahia','جباحية'),
	(327,1033,'327','El Adjiba','العجيبة'),
	(328,1033,'328','El Asnam','الأسنام'),
	(329,1015,'329','El Hachimia','الهاشمية'),
	(330,1036,'330','El Khabouzia','الخبوزية'),
	(331,1038,'331','El-Hakimia','الحاكمية'),
	(332,1004,'332','El-Mokrani','المقراني'),
	(333,1013,'333','Guerrouma','قرومة'),
	(334,1018,'334','Hadjera Zerga','الحجرة الزرقاء'),
	(335,1012,'335','Haizer','حيزر'),
	(336,1037,'336','Hanif','حنيف'),
	(337,1005,'337','Kadiria','قادرية'),
	(338,1013,'338','Lakhdaria','الأخضرية'),
	(339,1037,'339','M Chedallah','أمشدالة'),
	(340,1013,'340','Maala','معلة'),
	(341,1038,'341','Maamora','المعمورة'),
	(342,1018,'342','Mezdour','مزدور'),
	(343,1015,'343','Oued El Berdi','وادي البردي'),
	(344,1033,'344','Ouled Rached','أولاد راشد'),
	(345,1036,'345','Raouraoua','روراوة'),
	(346,1038,'346','Ridane','ريدان'),
	(347,1037,'347','Saharidj','سحاريج'),
	(348,1004,'348','Souk El Khemis','سوق الخميس'),
	(349,1038,'349','Sour El Ghozlane','سور الغزلان'),
	(350,1012,'350','Taghzout','تاغزوت'),
	(351,1018,'351','Taguedite','تاقديت'),
	(352,1037,'352','Ath Mansour','آث  منصور'),
	(353,1013,'353','Z\'barbar (El Isseri )','زبربر'),
	(354,1102,'354','Abelsa','ابلسة'),
	(355,1101,'355','Ain Amguel','عين امقل'),
	(356,1104,'356','Ain Guezzam','عين قزام'),
	(357,1108,'357','Ain Salah','عين صالح'),
	(358,1108,'358','Foggaret Ezzoua','فقارة الزوى'),
	(359,1106,'359','Idles','أدلس'),
	(360,1103,'360','Inghar','إينغر'),
	(361,1101,'361','Tamanrasset','تمنراست'),
	(362,1106,'362','Tazrouk','تاظروك'),
	(363,1107,'363','Tin Zouatine','تين زواتين'),
	(364,1219,'364','Ain Zerga','عين الزرقاء'),
	(365,1213,'365','Bedjene','بجن'),
	(366,1211,'366','Bekkaria','بكارية'),
	(367,1212,'367','Bir Dheheb','بئر الذهب'),
	(368,1210,'368','Bir Mokkadem','بئر مقدم'),
	(369,1202,'369','Bir-El-Ater','بئر العاتر'),
	(370,1205,'370','Boukhadra','بوخضرة'),
	(371,1211,'371','Boulhaf Dyr','بولحاف الدير'),
	(372,1203,'372','Cheria','الشريعة'),
	(373,1211,'373','El Kouif','الكويف'),
	(374,1220,'374','El Malabiod','الماء الابيض'),
	(375,1219,'375','El Meridj','المريج'),
	(376,1213,'376','El Mezeraa','المزرعة'),
	(377,1213,'377','El Ogla','العقلة'),
	(378,1202,'378','El Ogla El Malha','العقلة المالحة'),
	(379,1205,'379','El-Aouinet','العوينات'),
	(380,1220,'380','El-Houidjbet','الحويجبات'),
	(381,1209,'381','Ferkane','فركان'),
	(382,1210,'382','Guorriguer','قريقر'),
	(383,1210,'383','Hammamet','الحمامات'),
	(384,1212,'384','Morsott','مرسط'),
	(385,1209,'385','Negrine','نقرين'),
	(386,1219,'386','Ouenza','الونزة'),
	(387,1221,'387','Oum Ali','أم علي'),
	(388,1221,'388','Saf Saf El Ouesra','صفصاف الوسرى'),
	(389,1213,'389','Stah Guentis','سطح قنطيس'),
	(390,1201,'390','Tebessa','تبسة'),
	(391,1203,'391','Telidjen','ثليجان'),
	(392,1320,'392','Ain Fetah','عين فتاح'),
	(393,1350,'393','Ain Fezza','عين فزة'),
	(394,1351,'394','Ain Ghoraba','عين غرابة'),
	(395,1320,'395','Ain Kebira','عين الكبيرة'),
	(396,1303,'396','Ain Nehala','عين النحالة'),
	(397,1303,'397','Ain Tellout','عين تالوت'),
	(398,1304,'398','Ain Youcef','عين يوسف'),
	(399,1350,'399','Amieur','عمير'),
	(400,1318,'400','Bab El Assa','باب العسة'),
	(401,1317,'401','Beni Bahdel','بني بهدل'),
	(402,1338,'402','Beni Boussaid','بني بوسعيد'),
	(403,1344,'403','Beni Khellad','بني خلاد'),
	(404,1351,'404','Beni Mester','بني مستر'),
	(405,1304,'405','Beni Ouarsous','بني وارسوس'),
	(406,1313,'406','Beni Smiel','بني صميل'),
	(407,1317,'407','Beni Snous','بني سنوس'),
	(408,1324,'408','Bensekrane','بن سكران'),
	(409,1306,'409','Bouhlou','بوحلو'),
	(410,1341,'410','Bouihi','البويهي'),
	(411,1350,'411','Chetouane','شتوان'),
	(412,1307,'412','Dar Yaghmoracen','دار يغمراسن'),
	(413,1340,'413','Djebala','جبالة'),
	(414,1335,'414','El Aricha','العريشة'),
	(415,1317,'415','Azail','العزايل'),
	(416,1304,'416','El Fehoul','الفحول'),
	(417,1335,'417','El Gor','القور'),
	(418,1320,'418','Fellaoucene','فلاوسن'),
	(419,1307,'419','Ghazaouet','الغزوات'),
	(420,1327,'420','Hammam Boughrara','حمام بوغرارة'),
	(421,1326,'421','Hennaya','الحناية'),
	(422,1344,'422','Honnaine','هنين'),
	(423,1327,'423','Maghnia','مغنية'),
	(424,1351,'424','Mansourah','منصورة'),
	(425,1339,'425','Marsa Ben M\'hidi','مرسى بن مهيدي'),
	(426,1339,'426','M\'sirda Fouaga','مسيردة الفواقة'),
	(427,1340,'427','Nedroma','ندرومة'),
	(428,1313,'428','Oued Lakhdar','وادي الخضر'),
	(429,1313,'429','Ouled Mimoun','أولاد ميمون'),
	(430,1326,'430','Ouled Riyah','أولاد رياح'),
	(431,1304,'431','Remchi','الرمشي'),
	(432,1306,'432','Sabra','صبرة'),
	(433,1304,'433','Sebbaa Chioukh','سبعة شيوخ'),
	(434,1335,'434','Sebdou','سبدو'),
	(435,1324,'435','Sidi Abdelli','سيدي العبدلي'),
	(436,1341,'436','Sidi Djillali','سيدي الجيلالي'),
	(437,1338,'437','Sidi Medjahed','سيدي مجاهد'),
	(438,1307,'438','Souahlia','السواحلية'),
	(439,1318,'439','Souani','السواني'),
	(440,1318,'440','Souk Tleta','سوق الثلاثاء'),
	(441,1351,'441','Terny Beni Hediel','تيرني بني هديل'),
	(442,1307,'442','Tianet','تيانت'),
	(443,1301,'443','Tlemcen','تلمسان'),
	(444,1326,'444','Zenata','زناتة'),
	(445,1413,'445','Ain Bouchekif','عين بوشقيف'),
	(446,1406,'446','Ain Deheb','عين الذهب'),
	(447,1415,'447','Ain Dzarit','عين دزاريت'),
	(448,1427,'448','Ain El Hadid','عين الحديد'),
	(449,1428,'449','Ain Kermes','عين كرمس'),
	(450,1435,'450','Bougara','بوقرة'),
	(451,1406,'451','Chehaima','شحيمة'),
	(452,1413,'452','Dahmouni','دحموني'),
	(453,1428,'453','Djebilet Rosfa','جبيلات الرصفاء'),
	(454,1434,'454','Djillali Ben Amar','جيلالي بن عمار'),
	(455,1416,'455','Faidja','الفايجة'),
	(456,1427,'456','Frenda','فرندة'),
	(457,1414,'457','Guertoufa','قرطوفة'),
	(458,1435,'458','Hamadia','حمادية'),
	(459,1429,'459','Ksar Chellala','قصر الشلالة'),
	(460,1428,'460','Madna','مادنة'),
	(461,1415,'461','Mahdia','مهدية'),
	(462,1434,'462','Mechraa Safa','مشرع الصفا'),
	(463,1428,'463','Medrissa','مدريسة'),
	(464,1402,'464','Medroussa','مدروسة'),
	(465,1421,'465','Meghila','مغيلة'),
	(466,1402,'466','Mellakou','ملاكو'),
	(467,1415,'467','Nadorah','الناظورة'),
	(468,1406,'468','Naima','النعيمة'),
	(469,1433,'469','Oued Lilli','وادي ليلي'),
	(470,1414,'470','Rahouia','الرحوية'),
	(471,1435,'471','Rechaiga','الرشايقة'),
	(472,1415,'472','Sebaine','السبعين'),
	(473,1421,'473','Sebt','السبت'),
	(474,1429,'474','Serghine','سرغين'),
	(475,1416,'475','Si Abdelghani','سي عبد الغني'),
	(476,1428,'476','Sidi Abderrahmane','سيدي عبد الرحمن'),
	(477,1433,'477','Sidi Ali Mellal','سيدي علي ملال'),
	(478,1402,'478','Sidi Bakhti','سيدي بختي'),
	(479,1421,'479','Sidi Hosni','سيدي حسني'),
	(480,1416,'480','Sougueur','السوقر'),
	(481,1434,'481','Tagdempt','تاقدمت'),
	(482,1427,'482','Takhemaret','تخمرت'),
	(483,1401,'483','Tiaret','تيارت'),
	(484,1433,'484','Tidda','تيدة'),
	(485,1416,'485','Tousnina','توسنينة'),
	(486,1429,'486','Zmalet El Emir Abdelkade','زمالة  الأمير عبد القادر'),
	(487,1502,'487','Abi-Youcef','أبي يوسف'),
	(488,1537,'488','Aghribs','أغريب'),
	(489,1536,'489','Agouni-Gueghrane','أقني قغران'),
	(490,1502,'490','Ain-El-Hammam','عين الحمام'),
	(491,1510,'491','Ain-Zaouia','عين الزاوية'),
	(492,1521,'492','Ait Aggouacha','أيت عقـواشة'),
	(493,1536,'493','Ait Bouaddou','أيت بــوادو'),
	(494,1548,'494','Ait Boumahdi','أيت بومهدي'),
	(495,1550,'495','Ait Khellili','أيت خليلي'),
	(496,1510,'496','Ait Yahia Moussa','أيت يحي موسى'),
	(497,1524,'497','Ait-Aissa-Mimoun','أيت عيسى ميمون'),
	(498,1537,'498','Ait-Chafaa','أيت شافع'),
	(499,1532,'499','Ait-Mahmoud','أيت محمود'),
	(500,1522,'500','Ait-Oumalou','أيت  أومالو'),
	(501,1548,'501','Ait-Toudert','أيت تودرت'),
	(502,1502,'502','Ait-Yahia','أيت يحيى'),
	(503,1502,'503','Akbil','اقبيل'),
	(504,1537,'504','Akerrou','أقرو'),
	(505,1540,'505','Assi-Youcef','أسي يوسف'),
	(506,1518,'506','Azazga','عزازقة'),
	(507,1537,'507','Azeffoun','أزفون'),
	(508,1532,'508','Beni Zmenzer','بنــــي زمنزار'),
	(509,1532,'509','Beni-Aissi','بني عيسي'),
	(510,1532,'510','Beni-Douala','بني دوالة'),
	(511,1552,'511','Beni-Yenni','بني يني'),
	(512,1534,'512','Beni-Zikki','بني زيكــي'),
	(513,1540,'513','Boghni','بوغني'),
	(514,1509,'514','Boudjima','بوجيمة'),
	(515,1540,'515','Bounouh','بونوح'),
	(516,1534,'516','Bouzeguene','بوزقــن'),
	(517,1547,'517','Draa-Ben-Khedda','ذراع بن خدة'),
	(518,1510,'518','Draa-El-Mizan','ذراع الميزان'),
	(519,1518,'519','Freha','فريحة'),
	(520,1510,'520','Frikat','فريقات'),
	(521,1552,'521','Iboudrarene','إبودرارن'),
	(522,1534,'522','Idjeur','إيجــار'),
	(523,1517,'523','Iferhounene','إفــرحــونان'),
	(524,1518,'524','Ifigha','إيفيغاء'),
	(525,1538,'525','Iflissen','إفليـــسن'),
	(526,1517,'526','Illilten','إيلـيــلتـن'),
	(527,1534,'527','Illoula Oumalou','إيلولة أومـــالو'),
	(528,1517,'528','Imsouhal','إمســوحال'),
	(529,1521,'529','Irdjen','إيرجـــن'),
	(530,1521,'530','Larbaa Nath Irathen','الأربعــاء ناث إيراثن'),
	(531,1529,'531','Maatkas','معـــاتقة'),
	(532,1509,'532','Makouda','ماكودة'),
	(533,1540,'533','Mechtras','مشطراس'),
	(534,1550,'534','Mekla','مقــلع'),
	(535,1538,'535','Mizrana','ميزرانـــة'),
	(536,1511,'536','M\'kira','مكيرة'),
	(537,1548,'537','Ouacif','واسيف'),
	(538,1536,'538','Ouadhias','واضية'),
	(539,1524,'539','Ouaguenoun','واقنون'),
	(540,1547,'540','Sidi Namane','سيدي نعمان'),
	(541,1550,'541','Souama','صوامـــع'),
	(542,1529,'542','Souk-El-Tenine','سوق الإثنين'),
	(543,1547,'543','Tadmait','تادمايت'),
	(544,1538,'544','Tigzirt','تيقـزيرت'),
	(545,1524,'545','Timizart','تيمـيزار'),
	(546,1547,'546','Tirmitine','تيرمتين'),
	(547,1536,'547','Tizi N\'tleta','تيزي نثلاثة'),
	(548,1511,'548','Tizi-Gheniff','تيزي غنيف'),
	(549,1501,'549','Tizi-Ouzou','تيزي وزو'),
	(550,1522,'550','Tizi-Rached','تيزي راشد'),
	(551,1518,'551','Yakourene','إعــكورن'),
	(552,1552,'552','Yatafene','يطــافن'),
	(553,1518,'553','Zekri','زكري'),
	(554,1652,'554','Ain Benian','عين بنيان'),
	(555,1620,'555','Ain Taya','عين طاية'),
	(556,1602,'556','Alger Centre','الجزائر الوسطى'),
	(557,1605,'557','Bab El Oued','باب الوادي'),
	(558,1620,'558','Bab Ezzouar','باب الزوار'),
	(559,1649,'559','Baba Hassen','بابا حسن'),
	(560,1613,'560','Bachedjerah','باش جراح'),
	(561,1614,'561','Baraki','براقي'),
	(562,1611,'562','Ben Aknoun','ابن عكنون'),
	(563,1611,'563','Beni Messous','بني مسوس'),
	(564,1609,'564','Bir Mourad Rais','بئر مراد رايس'),
	(565,1609,'565','Birkhadem','بئر خادم'),
	(566,1636,'566','Bir Touta','بئر توتة'),
	(567,1605,'567','Bologhine Ibnou Ziri','بولوغين بن زيري'),
	(568,1620,'568','Bordj El Bahri','برج البحري'),
	(569,1620,'569','Bordj El Kiffan','برج الكيفان'),
	(570,1613,'570','Bourouba','بوروبة'),
	(571,1611,'571','Bouzareah','بوزريعة'),
	(572,1605,'572','Casbah','القصبة'),
	(573,1652,'573','Cheraga','الشراقة'),
	(574,1620,'574','Dar El Beida','الدار البيضاء'),
	(575,1652,'575','Dely Ibrahim','دالي ابراهيم'),
	(576,1609,'576','Djasr Kasentina','جسر قسنطينة'),
	(577,1649,'577','Douira','الدويرة'),
	(578,1649,'578','Draria','الدرارية'),
	(579,1649,'579','El Achour','العاشور'),
	(580,1611,'580','El Biar','الابيار'),
	(581,1613,'581','El Harrach','الحراش'),
	(582,1602,'582','El Madania','المدنية'),
	(583,1617,'583','El Magharia','المغارية'),
	(584,1620,'584','El Marsa','المرسى'),
	(585,1602,'585','El Mouradia','المرادية'),
	(586,1652,'586','Hammamet','الحمامات'),
	(587,1638,'587','Herraoua','هراوة'),
	(588,1617,'588','Hussein Dey','حسين داي'),
	(589,1609,'589','Hydra','حيدرة'),
	(590,1649,'590','Khraissia','الخرايسية'),
	(591,1617,'591','Kouba','القبة'),
	(592,1614,'592','Les Eucalyptus','الكاليتوس'),
	(593,1644,'593','Maalma','المعالمة'),
	(594,1617,'594','Mohamed Belouzdad','محمد بلوزداد'),
	(595,1620,'595','Mohammadia','المحمدية'),
	(596,1605,'596','Oued Koriche','وادي قريش'),
	(597,1613,'597','Oued Smar','وادي السمار'),
	(598,1636,'598','Ouled Chebel','اولاد شبل'),
	(599,1652,'599','Ouled Fayet','اولاد فايت'),
	(600,1644,'600','Rahmania','الرحمانية'),
	(601,1605,'601','Rais Hamidou','الرايس حميدو'),
	(602,1638,'602','Reghaia','رغاية'),
	(603,1638,'603','Rouiba','الرويبة'),
	(604,1609,'604','Sehaoula','السحاولة'),
	(605,1602,'605','Sidi M\'hamed','سيدي امحمد'),
	(606,1614,'606','Sidi Moussa','سيدي موسى'),
	(607,1644,'607','Souidania','سويدانية'),
	(608,1644,'608','Staoueli','سطاوالي'),
	(609,1636,'609','Tessala El Merdja','تسالة المرجة'),
	(610,1644,'610','Zeralda','زرالدة'),
	(611,1714,'611','Ain Chouhada','عين الشهداء'),
	(612,1730,'612','Ain El Ibel','عين الإبل'),
	(613,1720,'613','Ain Fekka','عين فقه'),
	(614,1704,'614','Ain Maabed','عين معبد'),
	(615,1731,'615','Ain Oussera','عين وسارة'),
	(616,1707,'616','Amourah','عمورة'),
	(617,1708,'617','Benhar','بنهار'),
	(618,1726,'618','Benyagoub','بن يعقوب'),
	(619,1708,'619','Birine','بيرين'),
	(620,1720,'620','Bouira Lahdab','بويرة الأحداب'),
	(621,1726,'621','Charef','الشارف'),
	(622,1725,'622','Dar Chioukh','دار الشيوخ'),
	(623,1717,'623','Deldoul','دلدول'),
	(624,1701,'624','Djelfa','الجلفة'),
	(625,1714,'625','Douis','دويس'),
	(626,1726,'626','El Guedid','القديد'),
	(627,1714,'627','El Idrissia','الادريسية'),
	(628,1719,'628','El Khemis','الخميس'),
	(629,1707,'629','Faidh El Botma','فيض البطمة'),
	(630,1731,'630','Guernini','قرنيني'),
	(631,1717,'631','Guettara','قطارة'),
	(632,1720,'632','Had Sahary','حد الصحاري'),
	(633,1704,'633','Hassi Bahbah','حاسي بحبح'),
	(634,1704,'634','Hassi El Euch','حاسي العش'),
	(635,1719,'635','Hassi Fedoul','حاسي فدول'),
	(636,1717,'636','Messaad','مسعد'),
	(637,1725,'637','M\'liliha','مليليحة'),
	(638,1730,'638','Moudjebara','مجبارة'),
	(639,1707,'639','Oum Laadham','أم العظام'),
	(640,1717,'640','Sed Rahal','سد الرحال'),
	(641,1717,'641','Selmana','سلمانة'),
	(642,1725,'642','Sidi Baizid','سيدي بايزيد'),
	(643,1719,'643','Sidi Laadjel','سيدي لعجال'),
	(644,1730,'644','Taadmit','تعظميت'),
	(645,1704,'645','Zaafrane','زعفران'),
	(646,1730,'646','Zaccar','زكار'),
	(647,1807,'647','Bordj T\'har','برج الطهر'),
	(648,1817,'648','Boudria Beniyadjis','بودريعة بني  ياجيس'),
	(649,1812,'649','Bouraoui Belhadef','بوراوي بلهادف'),
	(650,1805,'650','Boussif Ouled Askeur','بوسيف أولاد عسكر'),
	(651,1805,'651','Chahna','الشحنة'),
	(652,1807,'652','Chekfa','الشقفة'),
	(653,1812,'653','Djemaa Beni Habibi','الجمعة بني حبيبي'),
	(654,1817,'654','Djimla','جيملة'),
	(655,1812,'655','El Ancer','العنصر'),
	(656,1803,'656','El Aouana','العوانة'),
	(657,1807,'657','El Kennar Nouchfi','القنار نشفي'),
	(658,1809,'658','El Milia','الميلية'),
	(659,1805,'659','Emir Abdelkader','الامير عبد القادر'),
	(660,1804,'660','Erraguene Souissi','أراقن سويسي'),
	(661,1811,'661','Ghebala','غبالة'),
	(662,1801,'662','Jijel','جيجل'),
	(663,1824,'663','Kaous','قاوس'),
	(664,1812,'664','Khiri Oued Adjoul','خيري واد عجول'),
	(665,1805,'665','Oudjana','وجانة'),
	(666,1810,'666','Ouled Rabah','أولاد رابح'),
	(667,1809,'667','Ouled Yahia Khadrouch','أولاد يحيى خدروش'),
	(668,1803,'668','Selma Benziada','سلمى بن زيادة'),
	(669,1811,'669','Settara','السطارة'),
	(670,1807,'670','Sidi Abdelaziz','سيدي عبد العزيز'),
	(671,1810,'671','Sidi Marouf','سيدي معروف'),
	(672,1805,'672','Taher','الطاهير'),
	(673,1824,'673','Texenna','تاكسنة'),
	(674,1804,'674','Ziama Mansouriah','زيامة منصورية'),
	(675,1926,'675','Ain Abessa','عين عباسة'),
	(676,1926,'676','Ain Arnat','عين أرنات'),
	(677,1940,'677','Ain Azel','عين أزال'),
	(678,1902,'678','Ain El Kebira','عين الكبيرة'),
	(679,1940,'679','Ain Lahdjar','عين الحجر'),
	(680,1928,'680','Ain Oulmene','عين ولمان'),
	(681,1922,'681','Ain-Legradj','عين لقراج'),
	(682,1943,'682','Ain-Roua','عين الروى'),
	(683,1903,'683','Ain-Sebt','عين السبت'),
	(684,1930,'684','Ait Naoual Mezada','أيت نوال مزادة'),
	(685,1930,'685','Ait-Tizi','ايت تيزي'),
	(686,1927,'686','Amoucha','عموشة'),
	(687,1916,'687','Babor','بابور'),
	(688,1920,'688','Bazer-Sakra','بازر سكرة'),
	(689,1940,'689','Beidha Bordj','بيضاء برج'),
	(690,1908,'690','Bellaa','بلاعة'),
	(691,1922,'691','Beni Chebana','بني شبانة'),
	(692,1921,'692','Beni Fouda','بني فودة'),
	(693,1922,'693','Beni Ourtilane','بني ورتيلان'),
	(694,1943,'694','Beni Oussine','بني وسين'),
	(695,1903,'695','Beni-Aziz','بني عزيز'),
	(696,1922,'696','Beni-Mouhli','بني موحلي'),
	(697,1940,'697','Bir Haddada','بئر حدادة'),
	(698,1908,'698','Bir-El-Arch','بئر العرش'),
	(699,1930,'699','Bouandas','بوعنداس'),
	(700,1943,'700','Bougaa','بوقاعة'),
	(701,1930,'701','Bousselam','بوسلام'),
	(702,1939,'702','Boutaleb','بوطالب'),
	(703,1902,'703','Dehamcha','الدهامشة'),
	(704,1921,'704','Djemila','جميلة'),
	(705,1950,'705','Draa-Kebila','ذراع قبيلة'),
	(706,1920,'706','El Eulma','العلمة'),
	(707,1926,'707','El Ouricia','أوريسيا'),
	(708,1908,'708','El-Ouldja','الولجة'),
	(709,1928,'709','Guellal','قلال'),
	(710,1920,'710','Guelta Zerka','قلتة زرقاء'),
	(711,1941,'711','Guenzet','قنزات'),
	(712,1917,'712','Guidjel','قجال'),
	(713,1932,'713','Hamam Soukhna','حمام السخنة'),
	(714,1939,'714','Hamma','الحامة'),
	(715,1950,'715','Hammam Guergour','حمام قرقور'),
	(716,1941,'716','Harbil','حربيل'),
	(717,1928,'717','Kasr El Abtal','قصر الابطال'),
	(718,1903,'718','Maaouia','معاوية'),
	(719,1955,'719','Maouaklane','ماوكلان'),
	(720,1926,'720','Mezloug','مزلوق'),
	(721,1927,'721','Oued El Bared','واد البارد'),
	(722,1902,'722','Ouled Addouane','أولاد عدوان'),
	(723,1917,'723','Ouled Sabor','أولاد صابر'),
	(724,1928,'724','Ouled Si Ahmed','أولاد سي أحمد'),
	(725,1939,'725','Ouled Tebben','أولاد تبان'),
	(726,1939,'726','Rosfa','الرصفة'),
	(727,1939,'727','Salah Bey','صالح باي'),
	(728,1916,'728','Serdj-El-Ghoul','سرج الغول'),
	(729,1901,'729','Setif','سطيف'),
	(730,1908,'730','Tachouda','تاشودة'),
	(731,1955,'731','Tala-Ifacene','تالة إيفاسن'),
	(732,1932,'732','Taya','الطاية'),
	(733,1932,'733','Tella','التلة'),
	(734,1927,'734','Tizi N\'bechar','تيزي نبشار'),
	(735,2003,'735','Ain El Hadjar','عين الحجر'),
	(736,2010,'736','Ain Sekhouna','عين السخونة'),
	(737,2014,'737','Ain Soltane','عين السلطان'),
	(738,2006,'738','Doui Thabet','دوي ثابت'),
	(739,2010,'739','El Hassasna','الحساسنة'),
	(740,2009,'740','Hounet','هونت'),
	(741,2010,'741','Maamora','المعمورة'),
	(742,2003,'742','Moulay Larbi','مولاي العربي'),
	(743,2014,'743','Ouled Brahim','أولاد إبراهيم'),
	(744,2009,'744','Ouled Khaled','أولاد خالد'),
	(745,2001,'745','Saida','سعيدة'),
	(746,2003,'746','Sidi Ahmed','سيدي احمد'),
	(747,2009,'747','Sidi Amar','سيدي عمر'),
	(748,2009,'748','Sidi Boubekeur','سيدي بوبكر'),
	(749,2014,'749','Tircine','تيرسين'),
	(750,2006,'750','Youb','يوب'),
	(751,2119,'751','Ain Bouziane','عين بوزيان'),
	(752,2104,'752','Ain Charchar','عين شرشار'),
	(753,2127,'753','Ain Kechra','عين قشرة'),
	(754,2103,'754','Ain Zouit','عين زويت'),
	(755,2104,'755','Azzaba','عزابة'),
	(756,2108,'756','Bekkouche Lakhdar','بكوش لخضر'),
	(757,2108,'757','Ben Azzouz','بن عزوز'),
	(758,2123,'758','Beni Bechir','بني بشير'),
	(759,2119,'759','Beni Oulbane','بني ولبان'),
	(760,2110,'760','Beni Zid','بني زيد'),
	(761,2126,'761','Bin El Ouiden','بين الويدان'),
	(762,2103,'762','Bouchetata','بوشطاطة'),
	(763,2110,'763','Cheraia','الشرايع'),
	(764,2110,'764','Collo','القل'),
	(765,2104,'765','Djendel Saadi Mohamed','جندل سعدي محمد'),
	(766,2116,'766','El Arrouch','الحروش'),
	(767,2104,'767','El Ghedir','الغدير'),
	(768,2103,'768','El Hadaiek','الحدائق'),
	(769,2108,'769','El Marsa','المرسى'),
	(770,2116,'770','Emjez Edchich','مجاز الدشيش'),
	(771,2104,'771','Es Sebt','السبت'),
	(772,2101,'772','Filfila','فلفلة'),
	(773,2101,'773','Hammadi Krouma','حمادي كرومة'),
	(774,2115,'774','Kanoua','قنواع'),
	(775,2126,'775','Kerkara','الكركرة'),
	(776,2113,'776','Khenag Maoune','خناق مايو'),
	(777,2113,'777','Oued Zhour','وادي الزهور'),
	(778,2127,'778','Ouldja Boulbalout','الولجة بولبلوط'),
	(779,2113,'779','Ouled Attia','أولاد عطية'),
	(780,2116,'780','Ouled Habbaba','أولاد حبابة'),
	(781,2128,'781','Oum Toub','أم الطوب'),
	(782,2123,'782','Ramdane Djamel','رمضان جمال'),
	(783,2116,'783','Salah Bouchaour','صالح بو الشعور'),
	(784,2119,'784','Sidi Mezghiche','سيدي مزغيش'),
	(785,2101,'785','Skikda','سكيكدة'),
	(786,2126,'786','Tamalous','تمالوس'),
	(787,2116,'787','Zerdezas','زردازة'),
	(788,2115,'788','Zitouna','الزيتونة'),
	(789,2228,'789','Ain El Berd','عين البرد'),
	(790,2208,'790','Ain Kada','عين قادة'),
	(791,2202,'791','Ain Thrid','عين الثريد'),
	(792,2218,'792','Ain Tindamine','عين تندمين'),
	(793,2229,'793','Ain- Adden','عين أدن'),
	(794,2214,'794','Amarnas','العمارنة'),
	(795,2245,'795','Bedrabine El Mokrani','بضرابين المقراني'),
	(796,2204,'796','Belarbi','بلعربي'),
	(797,2245,'797','Ben Badis','بن باديس'),
	(798,2217,'798','Benachiba Chelia','بن عشيبة شلية'),
	(799,2210,'799','Bir El Hammam','بئر الحمام'),
	(800,2229,'800','Boudjebaa El Bordj','بوجبهة البرج'),
	(801,2246,'801','Boukhanefis','بوخنفيس'),
	(802,2245,'802','Chetouane Belaila','شيطوان البلايلة'),
	(803,2205,'803','Dhaya','الضاية'),
	(804,2218,'804','El Hacaiba','الحصيبة'),
	(805,2217,'805','Hassi Dahou','حاسي دحو'),
	(806,2245,'806','Hassi Zahana','حاسي زهانة'),
	(807,2208,'807','Lamtar','لمطار'),
	(808,2228,'808','Makedra','مكدرة'),
	(809,2210,'809','Marhoum','مرحوم'),
	(810,2229,'810','M\'cid','مسيد'),
	(811,2222,'811','Merine','مرين'),
	(812,2205,'812','Mezaourou','مزاورو'),
	(813,2204,'813','Mostefa  Ben Brahim','مصطفى بن ابراهيم'),
	(814,2218,'814','Moulay Slissen','مولاي سليسن'),
	(815,2223,'815','Oued Sebaa','وادي السبع'),
	(816,2217,'816','Oued Sefioun','وادي سفيون'),
	(817,2222,'817','Oued Taourira','وادي تاوريرة'),
	(818,2223,'818','Ras El Ma','راس الماء'),
	(819,2223,'819','Redjem Demouche','رجم دموش'),
	(820,2202,'820','Sehala Thaoura','السهالة الثورة'),
	(821,2229,'821','Sfisef','سفيزف'),
	(822,2246,'822','Sidi Ali Benyoub','سيدي علي بن يوب'),
	(823,2208,'823','Sidi Ali Boussidi','سيدي علي بوسيدي'),
	(824,2201,'824','Sidi Bel-Abbes','سيدي بلعباس'),
	(825,2228,'825','Sidi Brahim','سيدي ابراهيم'),
	(826,2210,'826','Sidi Chaib','سيدي شعيب'),
	(827,2208,'827','Sidi Dahou Zairs','سيدي دحو الزاير'),
	(828,2228,'828','Sidi Hamadouche','سيدي حمادوش'),
	(829,2214,'829','Sidi Khaled','سيدي خالد'),
	(830,2214,'830','Sidi Lahcene','سيدي لحسن'),
	(831,2214,'831','Sidi Yacoub','سيدي يعقوب'),
	(832,2246,'832','Tabia','طابية'),
	(833,2222,'833','Taoudmout','تاودموت'),
	(834,2222,'834','Tefessour','تفسور'),
	(835,2205,'835','Teghalimet','تغاليمت'),
	(836,2205,'836','Telagh','تلاغ'),
	(837,2217,'837','Tenira','تنيرة'),
	(838,2202,'838','Tessala','تسالة'),
	(839,2204,'839','Tilmouni','تلموني'),
	(840,2204,'840','Zerouala','زروالة'),
	(841,2309,'841','Ain El Berda','عين الباردة'),
	(842,2301,'842','Annaba','عنابة'),
	(843,2302,'843','Berrahal','برحال'),
	(844,2310,'844','Chetaibi','شطايبي'),
	(845,2309,'845','Cheurfa','الشرفة'),
	(846,2305,'846','El Bouni','البوني'),
	(847,2309,'847','El Eulma','العلمة'),
	(848,2303,'848','El Hadjar','الحجار'),
	(849,2302,'849','Oued El Aneb','واد العنب'),
	(850,2301,'850','Seraidi','سرايدي'),
	(851,2303,'851','Sidi Amar','سيدي عمار'),
	(852,2302,'852','Treat','التريعات'),
	(853,2425,'853','Ain Ben Beida','عين بن بيضاء'),
	(854,2413,'854','Ain Larbi','عين العربي'),
	(855,2413,'855','Ain Makhlouf','عين مخلوف'),
	(856,2404,'856','Ain Regada','عين رقادة'),
	(857,2415,'857','Ain Sandel','عين صندل'),
	(858,2418,'858','Belkheir','بلخير'),
	(859,2401,'859','Bendjarah','بن جراح'),
	(860,2418,'860','Beni Mezline','بني مزلين'),
	(861,2404,'861','Bordj Sabath','برج صباط'),
	(862,2415,'862','Bou Hachana','بوحشانة'),
	(863,2419,'863','Bou Hamdane','بوحمدان'),
	(864,2426,'864','Bouati Mahmoud','بوعاتي محمود'),
	(865,2425,'865','Bouchegouf','بوشقوف'),
	(866,2418,'866','Boumahra Ahmed','بومهرة أحمد'),
	(867,2422,'867','Dahouara','الدهوارة'),
	(868,2418,'868','Djeballah Khemissi','جبالة الخميسي'),
	(869,2426,'869','El Fedjoudj','الفجوج'),
	(870,2418,'870','Guelaat Bou Sbaa','قلعة بوصبع'),
	(871,2401,'871','Guelma','قالمة'),
	(872,2419,'872','Hammam Debagh','حمام دباغ'),
	(873,2422,'873','Hammam N\'bail','حمام النبايل'),
	(874,2426,'874','Heliopolis','هيليوبوليس'),
	(875,2418,'875','Nechmaya','نشماية'),
	(876,2415,'876','Khezaras','لخزارة'),
	(877,2427,'877','Medjez Amar','مجاز عمار'),
	(878,2425,'878','Medjez Sfa','مجاز الصفاء'),
	(879,2427,'879','Houari Boumedienne','هواري بومدين'),
	(880,2422,'880','Oued Cheham','وادي الشحم'),
	(881,2425,'881','Oued Ferragha','وادي فراغة'),
	(882,2404,'882','Oued Zenati','وادي الزناتي'),
	(883,2427,'883','Ras El Agba','رأس العقبة'),
	(884,2419,'884','Roknia','الركنية'),
	(885,2427,'885','Sellaoua Announa','سلاوة عنونة'),
	(886,2413,'886','Tamlouka','تاملوكة'),
	(887,2507,'887','Ain Abid','عين عبيد'),
	(888,2506,'888','Ain Smara','عين السمارة'),
	(889,2507,'889','Ben Badis','أبن باديس الهرية'),
	(890,2504,'890','Beni Hamidane','بني حميدان'),
	(891,2501,'891','Constantine','قسنطينة'),
	(892,2502,'892','Didouche Mourad','ديدوش مراد'),
	(893,2506,'893','El Khroub','الخروب'),
	(894,2502,'894','Hamma Bouziane','حامة بوزيان'),
	(895,2512,'895','Ibn Ziad','ابن زياد'),
	(896,2512,'896','Messaoud Boudjeriou','بوجريو مسعود'),
	(897,2506,'897','Ouled Rahmoun','أولاد رحمون'),
	(898,2504,'898','Zighoud Youcef','زيغود يوسف'),
	(899,2604,'899','Ain Boucif','عين بوسيف'),
	(900,2618,'900','Ain Ouksir','عين اقصير'),
	(901,2652,'901','Aissaouia','العيساوية'),
	(902,2632,'902','Aziz','عزيز'),
	(903,2607,'903','Baata','بعطة'),
	(904,2602,'904','Ben Chicao','بن شكاو'),
	(905,2646,'905','Beni Slimane','بني سليمان'),
	(906,2647,'906','Berrouaghia','البرواقية'),
	(907,2609,'907','Bir Ben Laabed','بئر بن عابد'),
	(908,2658,'908','Boghar','بوغار'),
	(909,2638,'909','Bouaiche','بوعيش'),
	(910,2644,'910','Bouaichoune','بوعيشون'),
	(911,2626,'911','Bouchrahil','بوشراحيل'),
	(912,2638,'912','Boughzoul','بوغزول'),
	(913,2646,'913','Bouskene','بوسكن'),
	(914,2638,'914','Chabounia','الشهبونية'),
	(915,2618,'915','Chelalet El Adhaoura','شلالة العذاورة'),
	(916,2618,'916','Cheniguel','شنيقل'),
	(917,2632,'917','Derrag','دراق'),
	(918,2633,'918','Djouab','جواب'),
	(919,2601,'919','Draa Esmar','ذراع السمار'),
	(920,2636,'920','El Azizia','العزيزية'),
	(921,2609,'921','El Guelbelkebir','القلب الكبير'),
	(922,2602,'922','El Hamdania','الحمدانية'),
	(923,2652,'923','El Haoudane','الحوضان'),
	(924,2607,'924','El Omaria','العمارية'),
	(925,2604,'925','El Ouinet','العوينات'),
	(926,2643,'926','Hannacha','حناشة'),
	(927,2604,'927','Kef Lakhdar','الكاف الاخضر'),
	(928,2626,'928','Khams Djouamaa','خمس جوامع'),
	(929,2635,'929','Ksar El Boukhari','قصر البخاري'),
	(930,2636,'930','Maghraoua','مغراوة'),
	(931,2601,'931','Medea','المدية'),
	(932,2648,'932','Medjebar','مجبر'),
	(933,2652,'933','Mezerana','مزغنة'),
	(934,2635,'934','M\'fatha','مفاتحة'),
	(935,2636,'935','Mihoub','ميهوب'),
	(936,2643,'936','Ouamri','عوامري'),
	(937,2643,'937','Oued Harbil','وادي حربيل'),
	(938,2658,'938','Ouled Antar','أولاد عنتر'),
	(939,2644,'939','Ouled Bouachra','أولاد بوعشرة'),
	(940,2607,'940','Ouled Brahim','أولاد إبراهيم'),
	(941,2647,'941','Ouled Deid','أولاد دايد'),
	(942,2604,'942','Ouled Emaaraf','أولاد امعرف'),
	(943,2658,'943','Ouled Hellal','أولاد هلال'),
	(944,2632,'944','Oum El Djellil','أم الجليل'),
	(945,2602,'945','Ouzera','وزرة'),
	(946,2647,'946','Rebaia','الربعية'),
	(947,2635,'947','Saneg','السانق'),
	(948,2609,'948','Sedraya','سدراية'),
	(949,2648,'949','Seghouane','سغوان'),
	(950,2644,'950','Si Mahdjoub','سي المحجوب'),
	(951,2604,'951','Sidi Demed','سيدي دامد'),
	(952,2626,'952','Sidi Naamane','سيدي نعمان'),
	(953,2646,'953','Sidi Rabie','سيدي الربيع'),
	(954,2633,'954','Sidi Zahar','سيدي زهار'),
	(955,2633,'955','Sidi Ziane','سيدي زيان'),
	(956,2633,'956','Souagui','السواقي'),
	(957,2652,'957','Tablat','تابلاط'),
	(958,2618,'958','Tafraout','تفراوت'),
	(959,2601,'959','Tamesguida','تمسقيدة'),
	(960,2602,'960','Tizi Mahdi','تيزي مهدي'),
	(961,2648,'961','Tletat Ed Douair','ثلاث دوائر'),
	(962,2648,'962','Zoubiria','الزبيرية'),
	(963,2717,'963','Achaacha','عشعاشة'),
	(964,2711,'964','Ain-Boudinar','عين بودينار'),
	(965,2705,'965','Ain-Nouissy','عين نويسي'),
	(966,2722,'966','Ain-Sidi Cherif','عين سيدي الشريف'),
	(967,2707,'967','Ain-Tedles','عين تادلس'),
	(968,2716,'968','Benabdelmalek Ramdane','بن عبد المالك رمضان'),
	(969,2719,'969','Bouguirat','بوقيراط'),
	(970,2705,'970','Fornaka','فرناقة'),
	(971,2716,'971','Hadjadj','حجاج'),
	(972,2706,'972','Hassi Mameche','حاسي ماماش'),
	(973,2705,'973','Hassiane','الحسيان (بني ياحي'),
	(974,2717,'974','Khadra','خضرة'),
	(975,2711,'975','Kheir-Eddine','خير الدين'),
	(976,2722,'976','Mansourah','منصورة'),
	(977,2706,'977','Mazagran','مزغران'),
	(978,2722,'978','Mesra','ماسرة'),
	(979,2701,'979','Mostaganem','مستغانم'),
	(980,2717,'980','Nekmaria','نكمارية'),
	(981,2707,'981','Oued El Kheir','وادي الخير'),
	(982,2717,'982','Ouled Boughalem','أولاد بوغالم'),
	(983,2712,'983','Ouled-Maalah','أولاد مع الله'),
	(984,2719,'984','Safsaf','صفصاف'),
	(985,2711,'985','Sayada','صيادة'),
	(986,2712,'986','Sidi Ali','سيدي علي'),
	(987,2707,'987','Sidi Belaattar','سيدي بلعطار'),
	(988,2716,'988','Sidi-Lakhdar','سيدي لخضر'),
	(989,2719,'989','Sirat','سيرات'),
	(990,2719,'990','Souaflia','السوافلية'),
	(991,2707,'991','Sour','سور'),
	(992,2706,'992','Stidia','ستيدية'),
	(993,2712,'993','Tazgait','تزقايت'),
	(994,2722,'994','Touahria','الطواهرية'),
	(995,2817,'995','Ain El Hadjel','عين الحجل'),
	(996,2841,'996','Ain El Melh','عين الملح'),
	(997,2841,'997','Ain Fares','عين فارس'),
	(998,2811,'998','Ain Khadra','عين الخضراء'),
	(999,2841,'999','Ain Rich','عين الريش'),
	(1000,2811,'1000','Belaiba','بلعايبة'),
	(1001,2824,'1001','Ben Srour','بن سرور'),
	(1002,2816,'1002','Beni Ilmane','بني يلمان'),
	(1003,2821,'1003','Benzouh','بن زوه'),
	(1004,2811,'1004','Berhoum','برهوم'),
	(1005,2841,'1005','Bir Foda','بئر فضة'),
	(1006,2820,'1006','Bou Saada','بوسعادة'),
	(1007,2816,'1007','Bouti Sayeh','بوطي السايح'),
	(1008,2809,'1008','Chellal','شلال'),
	(1009,2811,'1009','Dehahna','دهاهنة'),
	(1010,2847,'1010','Djebel Messaad','جبل مساعد'),
	(1011,2820,'1011','El Hamel','الهامل'),
	(1012,2807,'1012','El Houamed','الحوامد'),
	(1013,2803,'1013','Hammam Dalaa','حمام الضلعة'),
	(1014,2809,'1014','Khettouti Sed-El-Jir','خطوطي سد الجير'),
	(1015,2807,'1015','Khoubana','خبانة'),
	(1016,2804,'1016','Maadid','المعاضيد'),
	(1017,2809,'1017','Maarif','معاريف'),
	(1018,2811,'1018','Magra','مقرة'),
	(1019,2807,'1019','M\'cif','مسيف'),
	(1020,2842,'1020','Medjedel','امجدل'),
	(1021,2842,'1021','Menaa','مناعة'),
	(1022,2824,'1022','Mohamed Boudiaf','محمد بوضياف'),
	(1023,2801,'1023','M\'sila','المسيلة'),
	(1024,2804,'1024','M\'tarfa','المطارفة'),
	(1025,2803,'1025','Ouanougha','ونوغة'),
	(1026,2804,'1026','Ouled Addi Guebala','أولاد عدي لقبالة'),
	(1027,2804,'1027','Ouled Derradj','أولاد دراج'),
	(1028,2809,'1028','Ouled Madhi','أولاد ماضي'),
	(1029,2803,'1029','Ouled Mansour','أولاد منصور'),
	(1030,2821,'1030','Ouled Sidi Brahim','أولاد سيدي ابراهيم'),
	(1031,2824,'1031','Ouled Slimane','أولاد سليمان'),
	(1032,2820,'1032','Oulteme','ولتام'),
	(1033,2816,'1033','Sidi Aissa','سيدي عيسى'),
	(1034,2822,'1034','Sidi Ameur','سيدي عامر'),
	(1035,2817,'1035','Sidi Hadjeres','سيدي هجرس'),
	(1036,2841,'1036','Sidi M\'hamed','سيدي امحمد'),
	(1037,2847,'1037','Slim','سليم'),
	(1038,2804,'1038','Souamaa','السوامع'),
	(1039,2822,'1039','Tamsa','تامسة'),
	(1040,2803,'1040','Tarmount','تارمونت'),
	(1041,2824,'1041','Zarzour','زرزور'),
	(1042,2924,'1042','Ain Fares','عين فارس'),
	(1043,2918,'1043','Ain Fekan','عين فكان'),
	(1044,2910,'1044','Ain Ferah','عين فراح'),
	(1045,2918,'1045','Ain Frass','عين أفرص'),
	(1046,2927,'1046','Alaimia','العلايمية'),
	(1047,2923,'1047','Aouf','عوف'),
	(1048,2923,'1048','Benian','بنيان'),
	(1049,2926,'1049','Bou Henni','بوهني'),
	(1050,2902,'1050','Bouhanifia','بوحنيفية'),
	(1051,2926,'1051','Chorfa','الشرفاء'),
	(1052,2917,'1052','El Bordj','البرج'),
	(1053,2930,'1053','El Gaada','القعدة'),
	(1054,2931,'1054','El Ghomri','الغمري'),
	(1055,2902,'1055','El Gueitena','القطنة'),
	(1056,2907,'1056','El Hachem','الحشم'),
	(1057,2903,'1057','El Keurt','القرط'),
	(1058,2924,'1058','El Mamounia','المأمونية'),
	(1059,2917,'1059','El Menaouer','المنور'),
	(1060,2931,'1060','Ferraguig','فراقيق'),
	(1061,2903,'1061','Froha','فروحة'),
	(1062,2923,'1062','Gharrous','غروس'),
	(1063,2912,'1063','Ghriss','غريس'),
	(1064,2922,'1064','Guerdjoum','قرجوم'),
	(1065,2902,'1065','Hacine','حسين'),
	(1066,2917,'1066','Khalouia','خلوية'),
	(1067,2912,'1067','Makhda','ماقضة'),
	(1068,2912,'1068','Maoussa','ماوسة'),
	(1069,2901,'1069','Mascara','معسكر'),
	(1070,2912,'1070','Matemore','المطمور'),
	(1071,2931,'1071','Mocta-Douz','مقطع الدوز'),
	(1072,2931,'1072','Mohammadia','المحمدية'),
	(1073,2907,'1073','Nesmot','نسمط'),
	(1074,2927,'1074','Oggaz','عقاز'),
	(1075,2910,'1075','Oued El Abtal','وادي الأبطال'),
	(1076,2922,'1076','Oued Taria','وادي التاغية'),
	(1077,2927,'1077','Ras El Ain Amirouche','رأس عين عميروش'),
	(1078,2931,'1078','Sedjerara','سجرارة'),
	(1079,2906,'1079','Sehailia','السهايلية'),
	(1080,2910,'1080','Sidi Abdeldjebar','سيدي عبد الجبار'),
	(1081,2931,'1081','Sidi Abdelmoumene','سيدي عبد المومن'),
	(1082,2912,'1082','Sidi Boussaid','سيدي بوسعيد'),
	(1083,2906,'1083','Sidi Kada','سيدي قادة'),
	(1084,2926,'1084','Sig','سيق'),
	(1085,2906,'1085','Tighennif','تيغنيف'),
	(1086,2903,'1086','Tizi','تيزي'),
	(1087,2930,'1087','Zahana','زهانة'),
	(1088,2907,'1088','Zelamta','زلامطة'),
	(1089,3011,'1089','Ain Beida','عين البيضاء'),
	(1090,3015,'1090','Benaceur','بن ناصر'),
	(1091,3016,'1091','Blidet Amor','بلدة اعمر'),
	(1092,3014,'1092','El Alia','العالية'),
	(1093,3021,'1093','El Borma','البرمة'),
	(1094,3014,'1094','El-Hadjira','الحجيرة'),
	(1095,3011,'1095','Hassi Ben Abdellah','حاسي بن عبد الله'),
	(1096,3004,'1096','Hassi Messaoud','حاسي مسعود'),
	(1097,3019,'1097','Megarine','المقارين'),
	(1098,3015,'1098','M\'naguer','المنقر'),
	(1099,3013,'1099','Nezla','النزلة'),
	(1100,3003,'1100','N\'goussa','انقوسة'),
	(1101,3001,'1101','Ouargla','ورقلة'),
	(1102,3001,'1102','Rouissat','الرويسات'),
	(1103,3011,'1103','Sidi Khouiled','سيدي خويلد'),
	(1104,3019,'1104','Sidi Slimane','سيدي سليمان'),
	(1105,3015,'1105','Taibet','الطيبات'),
	(1106,3013,'1106','Tebesbest','تبسبست'),
	(1107,3016,'1107','Temacine','تماسين'),
	(1108,3013,'1108','Touggourt','تقرت'),
	(1109,3013,'1109','Zaouia El Abidia','الزاوية العابدية'),
	(1110,3107,'1110','Ain Biya','عين البية'),
	(1111,3124,'1111','Ain Kerma','عين الكرمة'),
	(1112,3109,'1112','Ain Turk','عين الترك'),
	(1113,3106,'1113','Arzew','أرزيو'),
	(1114,3102,'1114','Ben Freha','بن فريحة'),
	(1115,3107,'1115','Bethioua','بطيوة'),
	(1116,3103,'1116','Bir El Djir','بئر الجير'),
	(1117,3111,'1117','Boufatis','بوفاتيس'),
	(1118,3109,'1118','Bousfer','بوسفر'),
	(1119,3124,'1119','Boutlelis','بوتليليس'),
	(1120,3109,'1120','El Ancor','العنصر'),
	(1121,3111,'1121','El Braya','البراية'),
	(1122,3105,'1122','El Kerma','الكرمة'),
	(1123,3105,'1123','Es Senia','السانية'),
	(1124,3102,'1124','Gdyel','قديل'),
	(1125,3103,'1125','Hassi Ben Okba','حاسي بن عقبة'),
	(1126,3103,'1126','Hassi Bounif','حاسي بونيف'),
	(1127,3102,'1127','Hassi Mefsoukh','حاسي مفسوخ'),
	(1128,3107,'1128','Marsat El Hadjadj','مرسى الحجاج'),
	(1129,3109,'1129','Mers El Kebir','المرسى الكبير'),
	(1130,3124,'1130','Messerghin','مسرغين'),
	(1131,3101,'1131','Oran','وهران'),
	(1132,3111,'1132','Oued Tlelat','وادي تليلات'),
	(1133,3106,'1133','Sidi Ben Yebka','سيدي بن يبقى'),
	(1134,3105,'1134','Sidi Chami','سيدي الشحمي'),
	(1135,3111,'1135','Tafraoui','طفراوي'),
	(1137,3204,'1137','Arbaouat','اربوات'),
	(1138,3207,'1138','Boualem','بوعلام'),
	(1139,3202,'1139','Bougtoub','بوقطب'),
	(1141,3204,'1141','Brezina','بريزينة'),
	(1142,3204,'1142','Cheguig','الشقيق'),
	(1143,3206,'1143','Chellala','شلالة'),
	(1144,3201,'1144','El Bayadh','البيض'),
	(1146,3207,'1146','El Bnoud','البنود'),
	(1147,3206,'1147','El Kheither','الخيثر'),
	(1148,3206,'1148','El Mehara','المحرة'),
	(1149,3206,'1149','Ghassoul','الغاسول'),
	(1150,3206,'1150','Kef El Ahmar','الكاف الأحمر'),
	(1151,3207,'1151','Krakda','كراكدة'),
	(1152,3202,'1152','Rogassa','رقاصة'),
	(1155,3202,'1155','Sidi Tiffour','سيدي طيفور'),
	(1156,3207,'1156','Stitten','ستيتن'),
	(1158,3302,'1158','Bordj El Haouass','برج الحواس'),
	(1159,3306,'1159','Bordj Omar Driss','برج عمر إدريس'),
	(1160,3306,'1160','Debdeb','دبداب'),
	(1161,3302,'1161','Djanet','جانت'),
	(1162,3301,'1162','Illizi','إيليزي'),
	(1163,3306,'1163','In Amenas','إن أمناس'),
	(1164,3408,'1164','Ain Taghrout','عين تاغروت'),
	(1165,3402,'1165','Ain Tesra','عين تسرة'),
	(1166,3401,'1166','B. B. Arreridj','برج بوعريرج'),
	(1167,3409,'1167','Belimour','بليمور'),
	(1168,3404,'1168','Ben Daoud','بن داود'),
	(1169,3431,'1169','Bir Kasdali','بئر قاصد علي'),
	(1170,3409,'1170','Bordj Ghedir','برج الغدير'),
	(1171,3403,'1171','Bordj Zemmoura','برج زمورة'),
	(1172,3415,'1172','Colla','القلة'),
	(1173,3415,'1173','Djaafra','جعافرة'),
	(1174,3411,'1174','El Euch','العش'),
	(1175,3413,'1175','El Achir','الياشير'),
	(1176,3409,'1176','El Annasseur','العناصر'),
	(1177,3411,'1177','Elhammadia','الحمادية'),
	(1178,3415,'1178','El Main','الماين'),
	(1179,3404,'1179','El M\'hir','المهير'),
	(1180,3409,'1180','Ghailasa','غيلاسة'),
	(1181,3404,'1181','Haraza','حرازة'),
	(1182,3413,'1182','Hasnaoua','حسناوة'),
	(1183,3431,'1183','Khelil','خليل'),
	(1184,3411,'1184','Ksour','القصور'),
	(1185,3404,'1185','Mansoura','المنصورة'),
	(1186,3413,'1186','Medjana','مجانة'),
	(1187,3402,'1187','Ouled Brahem','أولاد أبراهم'),
	(1188,3403,'1188','Ouled Dahmane','أولاد دحمان'),
	(1189,3404,'1189','Ouled Sidi-Brahim','أولاد سيدي ابراهيم'),
	(1190,3411,'1190','Rabta','الرابطة'),
	(1191,3402,'1191','Ras El Oued','رأس الوادي'),
	(1192,3431,'1192','Sidi-Embarek','سيدي أمبارك'),
	(1193,3415,'1193','Tefreg','تفرق'),
	(1194,3409,'1194','Taglait','تقلعيت'),
	(1195,3403,'1195','Tassamert','تسامرت'),
	(1196,3413,'1196','Teniet En Nasr','ثنية النصر'),
	(1197,3408,'1197','Tixter','تيكستار'),
	(1198,3523,'1198','Afir','أعفير'),
	(1199,3514,'1199','Ammal','عمال'),
	(1200,3505,'1200','Baghlia','بغلية'),
	(1201,3523,'1201','Ben Choud','بن شود'),
	(1202,3514,'1202','Beni Amrane','بني عمران'),
	(1203,3504,'1203','Bordj Menaiel','برج منايل'),
	(1204,3502,'1204','Boudouaou','بودواو'),
	(1205,3502,'1205','Boudouaou El Bahri','بودواو البحري'),
	(1206,3501,'1206','Boumerdes','بومرداس'),
	(1207,3502,'1207','Bouzegza Keddara','بوزقزة قدارة'),
	(1208,3509,'1208','Chabet El Ameur','شعبة العامر'),
	(1209,3501,'1209','Corso','قورصو'),
	(1210,3523,'1210','Dellys','دلس'),
	(1211,3504,'1211','Djinet','جنات'),
	(1212,3502,'1212','El Kharrouba','الخروبة'),
	(1213,3531,'1213','Hammedi','حمادي'),
	(1214,3509,'1214','Isser','يسر'),
	(1215,3531,'1215','Khemis El Khechna','خميس الخشنة'),
	(1216,3531,'1216','Larbatache','الاربعطاش'),
	(1217,3504,'1217','Leghata','لقاطة'),
	(1218,3507,'1218','Naciria','الناصرية'),
	(1219,3507,'1219','Ouled Aissa','أولاد عيسى'),
	(1220,3502,'1220','Ouled Hedadj','أولاد هداج'),
	(1221,3531,'1221','Ouled Moussa','أولاد موسى'),
	(1222,3509,'1222','Si Mustapha','سي مصطفى'),
	(1223,3505,'1223','Sidi Daoud','سيدي داود'),
	(1224,3514,'1224','Souk El Had','سوق الحد'),
	(1225,3505,'1225','Taourga','تاورقة'),
	(1226,3514,'1226','Thenia','الثنية'),
	(1227,3501,'1227','Tidjelabine','تيجلابين'),
	(1228,3509,'1228','Timezrit','تيمزريت'),
	(1229,3504,'1229','Zemmouri','زموري'),
	(1230,3601,'1230','Ain El Assel','عين العسل'),
	(1231,3602,'1231','Ain Kerma','عين الكرمة'),
	(1232,3616,'1232','Asfour','عصفور'),
	(1233,3603,'1233','Ben M Hidi','بن مهيدي'),
	(1234,3603,'1234','Berrihane','بريحان'),
	(1235,3616,'1235','Besbes','البسباس'),
	(1236,3601,'1236','Bougous','بوقوس'),
	(1237,3602,'1237','Bouhadjar','بوحجار'),
	(1238,3608,'1238','Bouteldja','بوثلجة'),
	(1239,3613,'1239','Chebaita Mokhtar','شبيطة مختار'),
	(1240,3608,'1240','Chefia','الشافية'),
	(1241,3613,'1241','Chihani','شحاني'),
	(1242,3613,'1242','Drean','الذرعـان'),
	(1243,3603,'1243','Echatt','الشط'),
	(1244,3605,'1244','El Aioun','العيون'),
	(1245,3605,'1245','El Kala','القالة'),
	(1246,3601,'1246','El Tarf','الطارف'),
	(1247,3602,'1247','Hammam Beni Salah','حمام بني صالح'),
	(1248,3608,'1248','Lac Des Oiseaux','بحيرة الطيور'),
	(1249,3602,'1249','Oued Zitoun','وادي الزيتون'),
	(1250,3605,'1250','Raml Souk','رمل السوق'),
	(1251,3605,'1251','Souarekh','السوارخ'),
	(1252,3616,'1252','Zerizer','زريزر'),
	(1253,3601,'1253','Zitouna','الزيتونة'),
	(1254,3701,'1254','Oum El Assel','أم العسل'),
	(1255,3701,'1255','Tindouf','تندوف'),
	(1256,3813,'1256','Ammari','عماري'),
	(1257,3802,'1257','Beni Chaib','بني شعيب'),
	(1258,3802,'1258','Beni Lahcene','بني لحسن'),
	(1259,3802,'1259','Bordj Bounaama','برج بونعامة'),
	(1260,3809,'1260','Bordj El Emir Abdelkader','برج الأمير عبد القادر'),
	(1261,3804,'1261','Boucaid','بوقائد'),
	(1262,3811,'1262','Khemisti','خميستي'),
	(1263,3804,'1263','Larbaa','الأربعاء'),
	(1264,3806,'1264','Lardjem','لرجام'),
	(1265,3811,'1265','Layoune','العيون'),
	(1266,3804,'1266','Lazharia','الأزهرية'),
	(1267,3813,'1267','Maacem','المعاصم'),
	(1268,3806,'1268','Melaab','الملعب'),
	(1269,3801,'1269','Ouled Bessam','أولاد بسام'),
	(1270,3813,'1270','Sidi Abed','سيدي عابد'),
	(1271,3803,'1271','Sidi Boutouchent','سيدي بوتوشنت'),
	(1272,3806,'1272','Sidi Lantri','سيدي العنتري'),
	(1273,3802,'1273','Sidi Slimane','سيدي سليمان'),
	(1274,3806,'1274','Tamellahet','تملاحت'),
	(1275,3803,'1275','Theniet El Had','ثنية الاحد'),
	(1276,3801,'1276','Tissemsilt','تيسمسيلت'),
	(1277,3809,'1277','Youssoufia','اليوسفية'),
	(1278,3904,'1278','Bayadha','البياضة'),
	(1279,3914,'1279','Ben Guecha','بن  قشة'),
	(1280,3911,'1280','Debila','الدبيلة'),
	(1281,3928,'1281','Djamaa','جامعة'),
	(1282,3914,'1282','Douar El Maa','دوار الماء'),
	(1283,3902,'1283','El Ogla','العقلة'),
	(1284,3927,'1284','El-M\'ghaier','المغير'),
	(1285,3901,'1285','El-Oued','الوادي'),
	(1286,3906,'1286','Guemar','قمار'),
	(1287,3908,'1287','Hamraia','الحمراية'),
	(1288,3911,'1288','Hassani Abdelkrim','حساني عبد الكريم'),
	(1289,3913,'1289','Hassi Khalifa','حاسي خليفة'),
	(1290,3901,'1290','Kouinine','كوينين'),
	(1291,3918,'1291','Magrane','المقرن'),
	(1292,3926,'1292','Mih Ouansa','اميه وانسة'),
	(1293,3928,'1293','M\'rara','المرارة'),
	(1294,3902,'1294','Nakhla','النخلة'),
	(1295,3926,'1295','Oued El Alenda','وادي العلندة'),
	(1296,3927,'1296','Oum Touyour','أم الطيور'),
	(1297,3906,'1297','Ourmes','ورماس'),
	(1298,3908,'1298','Reguiba','الرقيبة'),
	(1299,3902,'1299','Robbah','الرباح'),
	(1300,3928,'1300','Sidi Amrane','سيدي عمران'),
	(1301,3918,'1301','Sidi Aoun','سيدي عون'),
	(1302,3927,'1302','Sidi Khelil','سيدي خليل'),
	(1303,3927,'1303','Still','سطيل'),
	(1304,3906,'1304','Taghzout','تغزوت'),
	(1305,3914,'1305','Taleb Larbi','الطالب العربي'),
	(1306,3928,'1306','Tenedla','تندلة'),
	(1307,3913,'1307','Trifaoui','الطريفاوي'),
	(1308,4006,'1308','Ain Touila','عين الطويلة'),
	(1309,4013,'1309','Babar','بابار'),
	(1310,4005,'1310','Baghai','بغاي'),
	(1311,4008,'1311','Bouhmama','بوحمامة'),
	(1312,4011,'1312','Chechar','ششار'),
	(1313,4008,'1313','Chelia','شلية'),
	(1314,4011,'1314','Djellal','جلال'),
	(1315,4005,'1315','El Hamma','الحامة'),
	(1316,4016,'1316','El Mahmal','المحمل'),
	(1317,4011,'1317','El Oueldja','الولجة'),
	(1318,4005,'1318','Ensigha','انسيغة'),
	(1319,4003,'1319','Kais','قايس'),
	(1320,4001,'1320','Khenchela','خنشلة'),
	(1321,4011,'1321','Khirane','خيران'),
	(1322,4008,'1322','M\'sara','مصارة'),
	(1323,4006,'1323','M\'toussa','متوسة'),
	(1324,4016,'1324','Ouled Rechache','أولاد رشاش'),
	(1325,4003,'1325','Remila','الرميلة'),
	(1326,4005,'1326','Tamza','طامزة'),
	(1327,4003,'1327','Taouzianat','تاوزيانت'),
	(1328,4008,'1328','Yabous','يابوس'),
	(1329,4102,'1329','Ain Soltane','عين سلطان'),
	(1330,4105,'1330','Ain Zana','عين الزانة'),
	(1331,4114,'1331','Bir Bouhouche','بئر بوحوش'),
	(1332,4108,'1332','Drea','الدريعة'),
	(1333,4110,'1333','Haddada','الحدادة'),
	(1334,4104,'1334','Hanencha','الحنانشة'),
	(1335,4110,'1335','Khedara','الخضارة'),
	(1336,4102,'1336','Khemissa','خميسة'),
	(1337,4104,'1337','Machroha','المشروحة'),
	(1338,4115,'1338','M\'daourouche','مداوروش'),
	(1339,4112,'1339','Merahna','المراهنة'),
	(1340,4116,'1340','Oued Kebrit','وادي الكبريت'),
	(1341,4105,'1341','Ouled Driss','أولاد إدريس'),
	(1342,4110,'1342','Ouled Moumen','أولاد مومن'),
	(1343,4116,'1343','Oum El Adhaim','أم العظايم'),
	(1344,4112,'1344','Ouillen','ويلان'),
	(1345,4115,'1345','Ragouba','الراقوبة'),
	(1346,4114,'1346','Safel El Ouiden','سافل الويدان'),
	(1347,4102,'1347','Sedrata','سدراتة'),
	(1348,4112,'1348','Sidi Fredj','سيدي فرج'),
	(1349,4101,'1349','Souk Ahras','سوق أهراس'),
	(1350,4108,'1350','Taoura','تاورة'),
	(1351,4116,'1351','Terraguelt','ترقالت'),
	(1352,4115,'1352','Tiffech','تيفاش'),
	(1353,4108,'1353','Zaarouria','الزعرورية'),
	(1354,4114,'1354','Zouabi','الزوابي'),
	(1355,4210,'1355','Aghbal','أغبال'),
	(1356,4219,'1356','Ahmer El Ain','أحمر العين'),
	(1357,4218,'1357','Ain Tagourait','عين تاقورايت'),
	(1358,4224,'1358','Attatba','الحطاطبة'),
	(1359,4215,'1359','Beni Mileuk','بني ميلك'),
	(1360,4218,'1360','Bou Haroun','بوهارون'),
	(1361,4218,'1361','Bou Ismail','بواسماعيل'),
	(1362,4219,'1362','Bourkika','بورقيقة'),
	(1363,4224,'1363','Chaiba','الشعيبة'),
	(1364,4214,'1364','Cherchell','شرشال'),
	(1365,4215,'1365','Damous','الداموس'),
	(1366,4217,'1366','Douaouda','دواودة'),
	(1367,4217,'1367','Fouka','فوكة'),
	(1368,4210,'1368','Gouraya','قوراية'),
	(1369,4208,'1369','Hadjout','حجوط'),
	(1370,4214,'1370','Hadjret Ennous','حجرة النص'),
	(1371,4218,'1371','Khemisti','خميستي'),
	(1372,4224,'1372','Kolea','القليعة'),
	(1373,4215,'1373','Larhat','الأرهاط'),
	(1374,4209,'1374','Menaceur','مناصر'),
	(1375,4208,'1375','Merad','مراد'),
	(1376,4210,'1376','Messelmoun','مسلمون'),
	(1377,4209,'1377','Nador','الناظور'),
	(1378,4214,'1378','Sidi Ghiles','سيدي غيلاس'),
	(1379,4219,'1379','Sidi Rached','سيدي راشد'),
	(1380,4214,'1380','Sidi Semiane','سيدي سميان'),
	(1381,4209,'1381','Sidi-Amar','سيدي عامر'),
	(1382,4201,'1382','Tipaza','تيبازة'),
	(1383,4310,'1383','Ahmed Rachedi','أحمد راشدي'),
	(1384,4330,'1384','Ain Beida Harriche',' عين البيضاء أحريش'),
	(1385,4303,'1385','Ain Mellouk','عين الملوك'),
	(1386,4301,'1386','Ain Tine','عين التين'),
	(1387,4323,'1387','Amira Arres','اعميرة اراس'),
	(1388,4308,'1388','Benyahia Abderrahmane','بن يحي عبد الرحمن'),
	(1389,4314,'1389','Bouhatem','بوحاتم'),
	(1390,4303,'1390','Chelghoum Laid','شلغوم العيد'),
	(1391,4318,'1391','Chigara','الشيقارة'),
	(1392,4314,'1392','Derrahi Bousselah','دراحي بوصلاح'),
	(1393,4330,'1393','El Ayadi Barbes','العياضي برباس'),
	(1394,4306,'1394','El Mechira','مشيرة'),
	(1395,4302,'1395','Ferdjioua','فرجيوة'),
	(1396,4317,'1396','Grarem Gouga','القرارم قوقة'),
	(1397,4317,'1397','Hamala','حمالة'),
	(1398,4301,'1398','Mila','ميلة'),
	(1399,4319,'1399','Minar Zarza','مينار زارزة'),
	(1400,4303,'1400','Oued Athmenia','وادي العثمانية'),
	(1401,4310,'1401','Oued Endja','وادي النجاء'),
	(1402,4306,'1402','Oued Seguen','وادي سقان'),
	(1403,4308,'1403','Ouled Khalouf','أولاد اخلوف'),
	(1404,4315,'1404','Rouached','الرواشد'),
	(1405,4301,'1405','Sidi Khelifa','سيدي خليفة'),
	(1406,4318,'1406','Sidi Merouane','سيدي مروان'),
	(1407,4308,'1407','Tadjenanet','تاجنانت'),
	(1408,4319,'1408','Tassadane Haddada','تسدان حدادة'),
	(1409,4306,'1409','Teleghma','التلاغمة'),
	(1410,4323,'1410','Terrai Bainen','ترعي باينان'),
	(1411,4323,'1411','Tassala Lematai','تسالة لمطاعي'),
	(1412,4315,'1412','Tiberguent','تيبرقنت'),
	(1413,4302,'1413','Yahia Beniguecha','يحي بني قشة'),
	(1414,4310,'1414','Zeghaia','زغاية'),
	(1415,4405,'1415','Ain-Benian','عين البنيان'),
	(1416,4411,'1416','Ain-Bouyahia','عين بويحيى'),
	(1417,4401,'1417','Ain-Defla','عين الدفلى'),
	(1418,4414,'1418','Ain-Lechiakh','عين الاشياخ'),
	(1419,4414,'1419','Ain-Soltane','عين السلطان'),
	(1420,4405,'1420','Ain-Torki','عين التركي'),
	(1421,4408,'1421','Arib','عريب'),
	(1422,4412,'1422','Birbouche','بربوش'),
	(1423,4431,'1423','Bathia','بطحية'),
	(1424,4431,'1424','Belaas','بلعاص'),
	(1425,4402,'1425','Ben Allal','بن علال'),
	(1426,4422,'1426','Bir-Ould-Khelifa','بئر ولد خليفة'),
	(1427,4422,'1427','Bordj-Emir-Khaled','برج الأمير خالد'),
	(1428,4403,'1428','Boumedfaa','بومدفع'),
	(1429,4407,'1429','Bourached','بوراشد'),
	(1430,4407,'1430','Djelida','جليدة'),
	(1431,4407,'1431','Djemaa Ouled Cheikh','جمعة أولاد الشيخ'),
	(1432,4412,'1432','Djendel','جندل'),
	(1433,4411,'1433','El-Abadia','العبادية'),
	(1434,4408,'1434','El-Amra','العامرة'),
	(1435,4410,'1435','El-Attaf','العطاف'),
	(1436,4416,'1436','El-Maine','الماين'),
	(1437,4405,'1437','Hammam-Righa','حمام ريغة'),
	(1438,4431,'1438','Hassania','الحسانية'),
	(1439,4403,'1439','Hoceinia','الحسينية'),
	(1440,4404,'1440','Khemis-Miliana','خميس مليانة'),
	(1441,4408,'1441','Mekhatria','المخاطرية'),
	(1442,4402,'1442','Miliana','مليانة'),
	(1443,4412,'1443','Oued Chorfa','وادي الشرفاء'),
	(1444,4414,'1444','Oued Djemaa','واد الجمعة'),
	(1445,4416,'1445','Rouina','الروينة'),
	(1446,4404,'1446','Sidi-Lakhdar','سيدي الأخضر'),
	(1447,4411,'1447','Tacheta Zegagha','تاشتة زقاغة'),
	(1448,4422,'1448','Tarik-Ibn-Ziad','طارق بن زياد'),
	(1449,4410,'1449','Tiberkanine','تبركانين'),
	(1450,4416,'1450','Zeddine','زدين'),
	(1451,4502,'1451','Ain Ben Khelil','عين بن خليل'),
	(1452,4503,'1452','Ain Sefra','عين الصفراء'),
	(1453,4507,'1453','Asla','عسلة'),
	(1454,4506,'1454','Djenienne Bourezg','جنين بورزق'),
	(1455,4502,'1455','El Biodh','البيوض'),
	(1456,4510,'1456','Kasdir','القصدير'),
	(1457,4510,'1457','Makmen Ben Amar','مكمن بن عمار'),
	(1458,4502,'1458','Mecheria','المشرية'),
	(1459,4506,'1459','Moghrar','مغرار'),
	(1460,4501,'1460','Naama','النعامة'),
	(1461,4505,'1461','Sfissifa','سفيسيفة'),
	(1462,4503,'1462','Tiout','تيوت'),
	(1463,4622,'1463','Aghlal','أغلال'),
	(1464,4609,'1464','Ain El Arbaa','عين الأربعاء'),
	(1465,4622,'1465','Ain Kihal','عين الكيحل'),
	(1466,4601,'1466','Ain Temouchent','عين تموشنت'),
	(1467,4622,'1467','Ain Tolba','عين الطلبة'),
	(1468,4622,'1468','Aoubellil','عقب الليل'),
	(1469,4623,'1469','Beni Saf','بني صاف'),
	(1470,4619,'1470','Bouzedjar','بوزجار'),
	(1471,4614,'1471','Chaabat El Ham','شعبة اللحم'),
	(1472,4604,'1472','Chentouf','شنتوف'),
	(1473,4619,'1473','El Amria','العامرية'),
	(1474,4614,'1474','El Maleh','المالح'),
	(1475,4619,'1475','El Messaid','المساعيد'),
	(1476,4623,'1476','Emir Abdelkader','الأمير عبد القادر'),
	(1477,4604,'1477','Hammam Bou Hadjar','حمام بوحجر'),
	(1478,4604,'1478','Hassasna','الحساسنة'),
	(1479,4619,'1479','Hassi El Ghella','حاسي الغلة'),
	(1480,4604,'1480','Oued Berkeche','وادي برقش'),
	(1481,4609,'1481','Oued Sebbah','وادي الصباح'),
	(1482,4619,'1482','Ouled Boudjemaa','أولاد بوجمعة'),
	(1483,4614,'1483','Ouled Kihal','أولاد الكيحل'),
	(1484,4625,'1484','Oulhaca El Gheraba','ولهاصة الغرابة'),
	(1485,4601,'1485','Sidi Ben Adda','سيدي بن عدة'),
	(1486,4609,'1486','Sidi Boumediene','سيدي بومدين'),
	(1487,4625,'1487','Sidi Ouriache','سيدي ورياش'),
	(1488,4623,'1488','Sidi Safi','سيدي صافي'),
	(1489,4609,'1489','Tamzoura','تامزورة'),
	(1490,4614,'1490','Terga','تارقة'),
	(1491,4704,'1491','Berriane','بريان'),
	(1492,4710,'1492','Bounoura','بونورة'),
	(1493,4703,'1493','Dhayet Bendhahoua','ضاية بن ضحوة'),
	(1494,4710,'1494','El Atteuf','العطف'),
	(1495,4702,'1495','El Meniaa','المنيعة'),
	(1496,4701,'1496','Ghardaia','غرداية'),
	(1497,4706,'1497','El Guerrara','القرارة'),
	(1498,4713,'1498','Hassi Fehal','حاسي الفحل'),
	(1499,4702,'1499','Hassi Gara','حاسي القارة'),
	(1500,4713,'1500','Mansoura','المنصورة'),
	(1501,4705,'1501','Metlili','متليلي'),
	(1502,4705,'1502','Sebseb','سبسب'),
	(1503,4708,'1503','Zelfana','زلفانة'),
	(1504,4825,'1504','Ain Rahma','عين الرحمة'),
	(1505,4819,'1505','Ain-Tarek','عين طارق'),
	(1506,4811,'1506','Ammi Moussa','عمي موسى'),
	(1507,4817,'1507','Belaassel Bouzagza','بلعسل بوزقزة'),
	(1508,4801,'1508','Bendaoud','بن داود'),
	(1509,4812,'1509','Beni Dergoun','بني درقن'),
	(1510,4808,'1510','Beni Zentis','بني زنطيس'),
	(1511,4812,'1511','Dar Ben Abdelah','دار بن عبد الله'),
	(1512,4814,'1512','Djidiouia','جديوية'),
	(1513,4811,'1513','El Hassi','الحاسي'),
	(1514,4807,'1514','El H\'madna','الحمادنة'),
	(1515,4811,'1515','El Ouldja','الولجة'),
	(1516,4822,'1516','El-Guettar','القطار'),
	(1517,4817,'1517','El-Matmar','المطمر'),
	(1518,4819,'1518','Had Echkalla','حد الشكالة'),
	(1519,4814,'1519','Hamri','حمري'),
	(1520,4825,'1520','Kalaa','القلعة'),
	(1521,4802,'1521','Lahlef','لحلاف'),
	(1522,4822,'1522','Mazouna','مازونة'),
	(1523,4808,'1523','Mediouna','مديونة'),
	(1524,4828,'1524','Mendes','منداس'),
	(1525,4802,'1525','Merdja Sidi Abed','مرجة سيدي عابد'),
	(1526,4802,'1526','Ouarizane','واريزان'),
	(1527,4807,'1527','Oued El Djemaa','وادي الجمعة'),
	(1528,4828,'1528','Oued Essalem','وادي السلام'),
	(1529,4802,'1529','Oued-Rhiou','وادي رهيو'),
	(1530,4811,'1530','Ouled Aiche','أولاد يعيش'),
	(1531,4814,'1531','Ouled Sidi Mihoub','أولاد سيدي الميهوب'),
	(1532,4827,'1532','Ramka','الرمكة'),
	(1533,4801,'1533','Relizane','غليزان'),
	(1534,4817,'1534','Sidi Khettab','سيدي  خطاب'),
	(1535,4828,'1535','Sidi Lazreg','سيدي لزرق'),
	(1536,4808,'1536','Sidi M\'hamed Benali','سيدي أمحمد بن علي'),
	(1537,4817,'1537','Sidi M\'hamed Benaouda','سيدي امحمد بن عودة'),
	(1538,4825,'1538','Sidi Saada','سيدي سعادة'),
	(1539,4827,'1539','Souk El Had','سوق الحد'),
	(1540,4825,'1540','Yellel','يلل'),
	(1541,4812,'1541','Zemmoura','زمورة');

/*!40000 ALTER TABLE `communes` ENABLE KEYS */;
UNLOCK TABLES;


# Dump of table dairas
# ------------------------------------------------------------

DROP TABLE IF EXISTS `dairas`;

CREATE TABLE `dairas` (
  `id` int(10) unsigned NOT NULL AUTO_INCREMENT,
  `wilaya_id` int(10) unsigned NOT NULL,
  `code` varchar(255) COLLATE utf8_unicode_ci NOT NULL,
  `name` varchar(255) COLLATE utf8_unicode_ci NOT NULL,
  `name_ar` varchar(255) COLLATE utf8_unicode_ci DEFAULT NULL,
  PRIMARY KEY (`id`),
  KEY `dairas_wilaya_id_foreign` (`wilaya_id`),
  CONSTRAINT `dairas_wilaya_id_foreign` FOREIGN KEY (`wilaya_id`) REFERENCES `wilayas` (`id`)
) ENGINE=InnoDB DEFAULT CHARSET=utf8 COLLATE=utf8_unicode_ci;

LOCK TABLES `dairas` WRITE;
/*!40000 ALTER TABLE `dairas` DISABLE KEYS */;

INSERT INTO `dairas` (`id`, `wilaya_id`, `code`, `name`, `name_ar`)
VALUES
	(101,1,'101','Adrar','أدرار'),
	(103,1,'103','Charouine','شروين'),
	(104,1,'104','Reggane','رقان'),
	(108,1,'108','Tsabit','تسابيت'),
	(109,1,'109','Timimoun  ','تيميمون'),
	(111,1,'111','Zaouiat Kounta','زاوية كنتة'),
	(112,1,'112','Aoulef','أولف'),
	(115,1,'115','Fenoughil','فنوغيل'),
	(116,1,'116','Tinerkouk','تنركوك'),
	(123,1,'123','Aougrout','أوقروت'),
	(125,1,'125','Bordj Badji Mokhtar','برج باجي مختار'),
	(201,2,'201','Chlef','الشلف'),
	(202,2,'202','Tenes','تنس'),
	(204,2,'204','El Karimia','الكريمية'),
	(206,2,'206','Taougrit','تاوقريت'),
	(207,2,'207','Beni Haoua','بني حواء'),
	(210,2,'210','Ouled Fares','أولاد فارس'),
	(212,2,'212','Boukadir','بوقادير'),
	(220,2,'220','Zeboudja','الزبوجة'),
	(222,2,'222','Abou El Hassane','أبو الحسن'),
	(223,2,'223','El Marsa','المرسى'),
	(229,2,'229','Oued Fodda','وادي الفضة'),
	(230,2,'230','Ouled Ben Abdelkader','أولاد بن عبد القادر'),
	(232,2,'232','Ain Merane','عين مران'),
	(301,3,'301','Laghouat','الأغواط'),
	(302,3,'302','Ksar El Hirane','قصر الحيران'),
	(304,3,'304','Sidi Makhlouf','سيدي مخلوف'),
	(306,3,'306','Hassi R\'mel','حاسي الرمل'),
	(307,3,'307','Ain Madhi','عين ماضي'),
	(310,3,'310','Gueltat Sidi Saad','قتلة سيدي سعيد'),
	(313,3,'313','Brida','بريدة'),
	(314,3,'314','El Ghicha','الغيشة'),
	(319,3,'319','Aflou','أفلو'),
	(321,3,'321','Oued Morra','وادي مرة'),
	(401,4,'401','Oum El Bouaghi','أم البواقي'),
	(402,4,'402','Ain Beida','عين البيضاء'),
	(403,4,'403','Ain M\'lila','عين مليلة'),
	(406,4,'406','Sigus','سيقوس'),
	(408,4,'408','Ain Babouche','عين ببوش'),
	(411,4,'411','Dhalaa','الضلعة'),
	(412,4,'412','Ain Kercha','عين كرشة'),
	(416,4,'416','F\'kirina','فكيرينة'),
	(417,4,'417','Souk Naamane','سوق نعمان'),
	(422,4,'422','Ksar Sbahi','قصر الصباحي'),
	(424,4,'424','Meskiana','مسكيانة'),
	(425,4,'425','Ain Fekroun','عين فكرون'),
	(501,5,'501','Batna','باتنة'),
	(504,5,'504','Merouana','مروانة'),
	(505,5,'505','Seriana','سريانة'),
	(506,5,'506','Menaa','منعة'),
	(507,5,'507','El Madher','المعذر'),
	(508,5,'508','Tazoult','تازولت'),
	(509,5,'509','N\'gaous','نقاوس'),
	(516,5,'516','Arris','أريس'),
	(519,5,'519','Ain Djasser','عين جاسر'),
	(529,5,'529','Seggana','سقانة'),
	(530,5,'530','Ichemoul','إشمول'),
	(535,5,'535','Bouzina','بوزينة'),
	(536,5,'536','Chemora','الشمرة'),
	(542,5,'542','Barika','بريكة'),
	(543,5,'543','Djezzar','الجزار'),
	(544,5,'544','Tkout','تكوت'),
	(545,5,'545','Ain Touta','عين التوتة'),
	(547,5,'547','Theniet El Abed','ثنية العابد'),
	(550,5,'550','Timgad','تيمقاد'),
	(551,5,'551','Ras El Aioun','رأس العيون'),
	(553,5,'553','Ouled Si Slimane','أولاد سي سليمان'),
	(601,6,'601','Bejaia','بجاية'),
	(602,6,'602','Amizour','أميزور'),
	(607,6,'607','Timezrit','تيمزريت'),
	(608,6,'608','Souk El Tenine','سوق الإثنين'),
	(611,6,'611','Tichy','تيشي'),
	(617,6,'617','Ighil Ali','إغيل علي'),
	(620,6,'620','Darguina','درقينة'),
	(622,6,'622','Aokas','أوقاس'),
	(624,6,'624','Adekar','أدكار'),
	(625,6,'625','Akbou','أقبو'),
	(626,6,'626','Seddouk','صدوق'),
	(627,6,'627','Tazmalt','تازملت'),
	(629,6,'629','Chemini','شميني'),
	(634,6,'634','Barbacha','برباشة'),
	(636,6,'636','Ifri Ouzellaguene','إفري أوزلاقن'),
	(639,6,'639','Sidi Aich','سيدي عيش'),
	(640,6,'640','El Kseur','القصر'),
	(644,6,'644','Kherrata','خراطة'),
	(650,6,'650','Beni Maouche','بني معوش'),
	(701,7,'701','Biskra','بسكرة'),
	(705,7,'705','Ouled Djellal','أولاد جلال'),
	(708,7,'708','Sidi Khaled','سيدي  خالد'),
	(711,7,'711','Sidi Okba','سيدي عقبة'),
	(712,7,'712','Mechouneche','مشونش'),
	(715,7,'715','Zeribet El Oued','زريبة الوادي'),
	(717,7,'717','El Kantara','القنطرة'),
	(719,7,'719','El Outaya','الوطاية'),
	(720,7,'720','Djemorah','جمورة'),
	(721,7,'721','Tolga','طولقة'),
	(724,7,'724','Ourlal','أورلال'),
	(726,7,'726','Foughala','فوغالة'),
	(801,8,'801','Bechar','بشار'),
	(803,8,'803','Ouled Khodeir','أولاد خضير'),
	(806,8,'806','Lahmar','لحمر'),
	(807,8,'807','Beni Abbes','بني عباس'),
	(810,8,'810','Kenadsa','القنادسة'),
	(811,8,'811','Igli','إقلي'),
	(812,8,'812','Tabelbala','تبلبالة'),
	(813,8,'813','Taghit','تاغيت'),
	(814,8,'814','El Ouata','الواتة'),
	(817,8,'817','Abadla','العبادلة'),
	(818,8,'818','Kerzaz','كرزاز'),
	(821,8,'821','Beni Ounif','بني ونيف'),
	(901,9,'901','Blida','البليدة'),
	(903,9,'903','Bouinan','بوعينان'),
	(904,9,'904','Oued El Alleug','وادي العلايق'),
	(905,9,'905','Ouled Yaich','أولاد يعيش'),
	(907,9,'907','El Affroun','العفرون'),
	(912,9,'912','Mouzaia','موزاية'),
	(914,9,'914','Meftah','مفتاح'),
	(916,9,'916','Boufarik','بوفاريك'),
	(917,9,'917','Larbaa','الأربعاء'),
	(922,9,'922','Bougara','بوقرة'),
	(1001,10,'1001','Bouira','البويرة'),
	(1004,10,'1004','Souk El Khemis','سوق الخميس'),
	(1005,10,'1005','Kadiria','القادرية'),
	(1012,10,'1012','Haizer','الحيزر'),
	(1013,10,'1013','Lakhdaria','الأخضرية'),
	(1015,10,'1015','El Hachimia','الهاشمية'),
	(1018,10,'1018','Bordj Okhriss','برج أوخريص'),
	(1033,10,'1033','Bechloul','بشلول'),
	(1035,10,'1035','Ain Bessem','عين بسام'),
	(1036,10,'1036','Bir Ghbalou','بئر غبالو'),
	(1037,10,'1037','M\'chedallah','مشد الله'),
	(1038,10,'1038','Sour El Ghozlane','سور الغزلان'),
	(1101,11,'1101','Tamanrasset','تمنراست'),
	(1102,11,'1102','Silet','سيلت'),
	(1103,11,'1103','In Ghar','إينغر'),
	(1104,11,'1104','In Guezzam','عين قزام'),
	(1106,11,'1106','Tazrouk','تاظروك'),
	(1107,11,'1107','Tin Zouatine','تين زواتين'),
	(1108,11,'1108','In Salah','عين صالح'),
	(1201,12,'1201','Tebessa','تبسة'),
	(1202,12,'1202','Bir El Ater','بئر العاتر'),
	(1203,12,'1203','Cheria','الشريعة'),
	(1205,12,'1205','El Aouinet','العوينات'),
	(1209,12,'1209','Negrine','نقرين'),
	(1210,12,'1210','Bir Mokadem','بئر مقدم'),
	(1211,12,'1211','El Kouif','الكويف'),
	(1212,12,'1212','Morsott','مرسط'),
	(1213,12,'1213','El Ogla','العقلة'),
	(1219,12,'1219','Ouenza','الونزة'),
	(1220,12,'1220','El Malabiod','الماء الابيض'),
	(1221,12,'1221','Oum Ali','أم علي'),
	(1301,13,'1301','Tlemcen','تلمسان'),
	(1303,13,'1303','Ain Tellout','عين تالوت'),
	(1304,13,'1304','Remchi','الرمشي'),
	(1306,13,'1306','Sabra','صبرة'),
	(1307,13,'1307','Ghazaouet','الغزوات'),
	(1313,13,'1313','Ouled Mimoun','أولاد ميمون'),
	(1317,13,'1317','Beni Snous','بني سنوس'),
	(1318,13,'1318','Bab El Assa','باب العسة'),
	(1320,13,'1320','Fellaoucene','فلاوسن'),
	(1324,13,'1324','Bensekrane','بن سكران'),
	(1326,13,'1326','Hennaya','الحناية'),
	(1327,13,'1327','Maghnia','مغنية'),
	(1335,13,'1335','Sebdou','سبدو'),
	(1338,13,'1338','Beni Boussaid','بني بوسعيد'),
	(1339,13,'1339','Marsa Ben Mehdi','مرسى بن مهيدي'),
	(1340,13,'1340','Nedroma','ندرومة'),
	(1341,13,'1341','Sidi Djillali','سيدي الجيلالي'),
	(1344,13,'1344','Honnaine','هنين'),
	(1350,13,'1350','Chetouane','شتوان'),
	(1351,13,'1351','Mansourah','منصورة'),
	(1401,14,'1401','Tiaret','تيارت'),
	(1402,14,'1402','Medroussa','مدروسة'),
	(1406,14,'1406','Ain Deheb','عين الذهب'),
	(1413,14,'1413','Dahmouni','دحموني'),
	(1414,14,'1414','Rahouia','رحوية'),
	(1415,14,'1415','Mahdia','مهدية'),
	(1416,14,'1416','Sougueur','السوقر'),
	(1421,14,'1421','Meghila','مغيلة'),
	(1427,14,'1427','Frenda','فرندة'),
	(1428,14,'1428','Ain Kermes','عين كرمس'),
	(1429,14,'1429','Ksar Chellala','قصر الشلالة'),
	(1433,14,'1433','Oued Lili','وادي ليلي'),
	(1434,14,'1434','Mechraa Sfa','مشرع الصفا'),
	(1435,14,'1435','Hamadia','حمادية'),
	(1501,15,'1501','Tizi Ouzou','تيزي وزو'),
	(1502,15,'1502','Ain El Hammam','عين الحمام'),
	(1509,15,'1509','Makouda','ماكودة'),
	(1510,15,'1510','Draa El Mizan','ذراع الميزان'),
	(1511,15,'1511','Tizi-Ghenif','تيزي غنيف'),
	(1517,15,'1517','Iferhounene','إفرحونان'),
	(1518,15,'1518','Azazga','عزازقة'),
	(1521,15,'1521','Larbaa Nath Iraten','الأربعاء ناث إيراثن'),
	(1522,15,'1522','Tizi Rached','تيزي راشد'),
	(1524,15,'1524','Ouaguenoun','واقنون'),
	(1529,15,'1529','Maatkas','معاتقة'),
	(1532,15,'1532','Beni Douala','بني دوالة'),
	(1534,15,'1534','Bouzeguene','بوزقن'),
	(1536,15,'1536','Ouadhias','واضية'),
	(1537,15,'1537','Azeffoun','أزفون'),
	(1538,15,'1538','Tigzirt','تيقزيرت'),
	(1540,15,'1540','Boghni','بوغني'),
	(1547,15,'1547','Draa Ben Khedda','ذراع بن خدة'),
	(1548,15,'1548','Ouacif','واسيف'),
	(1550,15,'1550','Mekla','مقلع'),
	(1552,15,'1552','Benni Yenni','بني يني'),
	(1602,16,'1602','Sidi M\'hamed','سيدي امحمد'),
	(1605,16,'1605','Bab El Oued','باب الوادي'),
	(1609,16,'1609','Bir Mourad Rais','بئر مراد رايس'),
	(1611,16,'1611','Bouzareah','بوزريعة'),
	(1613,16,'1613','El Harrach','الحراش'),
	(1614,16,'1614','Baraki','براقي'),
	(1617,16,'1617','Hussein Dey','حسين داي'),
	(1620,16,'1620','Dar El Beida','الدار البيضاء'),
	(1636,16,'1636','Birtouta','بئر توتة'),
	(1638,16,'1638','Rouiba','الرويبة'),
	(1644,16,'1644','Zeralda','زرالدة'),
	(1649,16,'1649','Draria','الدرارية'),
	(1652,16,'1652','Cheraga','الشراقة'),
	(1701,17,'1701','Djelfa','الجلفة'),
	(1704,17,'1704','Hassi Bahbah','حاسي بحبح'),
	(1707,17,'1707','Faidh El Botma','فيض البطمة'),
	(1708,17,'1708','Birine','بيرين'),
	(1714,17,'1714','El Idrissia','الادريسية'),
	(1717,17,'1717','Messaad','مسعد'),
	(1719,17,'1719','Sidi Laadjel','سيدي لعجال'),
	(1720,17,'1720','Had Sahary','حد الصحاري'),
	(1725,17,'1725','Dar Chioukh','دار الشيوخ'),
	(1726,17,'1726','Charef','الشارف'),
	(1730,17,'1730','Ain El Ibel','عين الإبل'),
	(1731,17,'1731','Ain Oussera','عين وسارة'),
	(1801,18,'1801','Jijel','جيجل'),
	(1803,18,'1803','El Aouana','العوانة'),
	(1804,18,'1804','Ziamah Mansouriah','زيامة منصورية'),
	(1805,18,'1805','Taher','الطاهير'),
	(1807,18,'1807','Chekfa','الشقفة'),
	(1809,18,'1809','El Milia','الميلية'),
	(1810,18,'1810','Sidi Marouf','سيدي معروف'),
	(1811,18,'1811','Settara','السطارة'),
	(1812,18,'1812','El Ancer','العنصر'),
	(1817,18,'1817','Djimla','جيملة'),
	(1824,18,'1824','Texenna','تاكسنة'),
	(1901,19,'1901','Setif','سطيف'),
	(1902,19,'1902','Ain El Kebira','عين الكبيرة'),
	(1903,19,'1903','Beni Aziz','بني عزيز'),
	(1908,19,'1908','Bir El Arch','بئر العرش'),
	(1916,19,'1916','Babor','بابور'),
	(1917,19,'1917','Guidjel','قجال'),
	(1920,19,'1920','El Eulma','العلمة'),
	(1921,19,'1921','Djemila','جميلة'),
	(1922,19,'1922','Beni Ourtilane','بني ورتيلان'),
	(1926,19,'1926','Ain Arnat','عين أرنات'),
	(1927,19,'1927','Amoucha','عموشة'),
	(1928,19,'1928','Ain Oulmene','عين ولمان'),
	(1930,19,'1930','Bouandas','بوعنداس'),
	(1932,19,'1932','Hammam Sokhna','حمام السخنة'),
	(1939,19,'1939','Salah Bey','صالح باي'),
	(1940,19,'1940','Ain Azel','عين أزال'),
	(1941,19,'1941','Guenzet','قنزات'),
	(1943,19,'1943','Bougaa','بوقاعة'),
	(1950,19,'1950','Hammam Guergour','حمام قرقور'),
	(1955,19,'1955','Maoklane','ماوكلان'),
	(2001,20,'2001','Saida','سعيدة'),
	(2003,20,'2003','Ain El Hadjar','عين الحجر'),
	(2006,20,'2006','Youb','يوب'),
	(2009,20,'2009','Sidi Boubekeur','سيدي بوبكر'),
	(2010,20,'2010','El Hassasna','الحساسنة'),
	(2014,20,'2014','Ouled Brahim','أولاد ابراهيم'),
	(2101,21,'2101','Skikda','سكيكدة'),
	(2103,21,'2103','El Hadaiek','الحدائق'),
	(2104,21,'2104','Azzaba','عزابة'),
	(2108,21,'2108','Ben Azzouz','بن عزوز'),
	(2110,21,'2110','Collo','القل'),
	(2113,21,'2113','Ouled Attia','أولاد عطية'),
	(2115,21,'2115','Zitouna','الزيتونة'),
	(2116,21,'2116','El Harrouch','الحروش'),
	(2119,21,'2119','Sidi Mezghiche','سيدي مزغيش'),
	(2123,21,'2123','Ramdane Djamel','رمضان جمال'),
	(2126,21,'2126','Tamalous','تمالوس'),
	(2127,21,'2127','Ain Kechra','عين قشرة'),
	(2128,21,'2128','Oum Toub','أم الطوب'),
	(2201,22,'2201','Sidi Bel Abbes','سيدي بلعباس'),
	(2202,22,'2202','Tessala','تسالة'),
	(2204,22,'2204','Mostefa  Ben Brahim','مصطفى بن ابراهيم'),
	(2205,22,'2205','Telagh','تلاغ'),
	(2208,22,'2208','Sidi Ali Boussidi','سيدي علي بوسيدي'),
	(2210,22,'2210','Marhoum','مرحوم'),
	(2214,22,'2214','Sidi Lahcene','سيدي لحسن'),
	(2217,22,'2217','Tenira','تنيرة'),
	(2218,22,'2218','Moulay Slissen','مولاي سليسن'),
	(2222,22,'2222','Merine','مرين'),
	(2223,22,'2223','Ras El Ma','راس الماء'),
	(2228,22,'2228','Ain El Berd','عين البرد'),
	(2229,22,'2229','Sfisef','سفيزف'),
	(2245,22,'2245','Ben Badis','بن باديس'),
	(2246,22,'2246','Sidi Ali Ben Youb','سيدي علي بن يوب'),
	(2301,23,'2301','Annaba','عنابة'),
	(2302,23,'2302','Berrahal','برحال'),
	(2303,23,'2303','El Hadjar','الحجار'),
	(2305,23,'2305','El Bouni','البوني'),
	(2309,23,'2309','Ain El Berda','عين الباردة'),
	(2310,23,'2310','Chetaibi','شطايبي'),
	(2401,24,'2401','Guelma','قالمة'),
	(2404,24,'2404','Oued Zenati','وادي الزناتي'),
	(2413,24,'2413','Ain Makhlouf','عين مخلوف'),
	(2415,24,'2415','Khezaras','خزارة'),
	(2418,24,'2418','Guelaat Bousbaa','قلعة بوصبع'),
	(2419,24,'2419','Hammam Debagh','حمام دباغ'),
	(2422,24,'2422','Hammam N\'bails','حمام النبايل'),
	(2425,24,'2425','Bouchegouf','بوشقوف'),
	(2426,24,'2426','Heliopolis','هيليوبوليس'),
	(2427,24,'2427','Ain Hessainia','عين حساينية'),
	(2501,25,'2501','Constantine','قسنطينة'),
	(2502,25,'2502','Hamma Bouziane','حامة بوزيان'),
	(2504,25,'2504','Zighoud Youcef','زيغود يوسف'),
	(2506,25,'2506','El Khroub','الخروب'),
	(2507,25,'2507','Ain Abid','عين عبيد'),
	(2512,25,'2512','Ibn Ziad','ابن زياد'),
	(2601,26,'2601','Medea','المدية'),
	(2602,26,'2602','Ouzera','وزرة'),
	(2604,26,'2604','Ain Boucif','عين بوسيف'),
	(2607,26,'2607','El Omaria','العمارية'),
	(2609,26,'2609','Guelb El Kebir','القلب الكبير'),
	(2618,26,'2618','Chellalat El Adhaoura','شلالة العذاورة'),
	(2626,26,'2626','Sidi Naamane','سيدي نعمان'),
	(2632,26,'2632','Aziz','عزيز'),
	(2633,26,'2633','Souaghi','السواقي'),
	(2635,26,'2635','Ksar El Boukhari','قصر البخاري'),
	(2636,26,'2636','El Azizia','العزيزية'),
	(2638,26,'2638','Chahbounia','الشهبونية'),
	(2643,26,'2643','Ouamri','عوامري'),
	(2644,26,'2644','Si Mahdjoub','سي المحجوب'),
	(2646,26,'2646','Beni Slimane','بني سليمان'),
	(2647,26,'2647','Berrouaghia','البرواقية'),
	(2648,26,'2648','Seghouane','سغوان'),
	(2652,26,'2652','Tablat','تابلاط'),
	(2658,26,'2658','Ouled Antar','أولاد عنتر'),
	(2701,27,'2701','Mostaganem','مستغانم'),
	(2705,27,'2705','Ain Nouicy','عين نويسي'),
	(2706,27,'2706','Hassi Mameche','حاسي ماماش'),
	(2707,27,'2707','Ain Tedeles','عين تادلس'),
	(2711,27,'2711','Kheir Eddine','خير الدين'),
	(2712,27,'2712','Sidi Ali','سيدي علي'),
	(2716,27,'2716','Sidi Lakhdar','سيدي لخضر'),
	(2717,27,'2717','Achaacha','عشعاشة'),
	(2719,27,'2719','Bouguirat','بوقيراط'),
	(2722,27,'2722','Mesra','ماسرة'),
	(2801,28,'2801','M\'sila','المسيلة'),
	(2803,28,'2803','Hammam Dalaa','حمام الضلعة'),
	(2804,28,'2804','Ouled Derradj','أولاد دراج'),
	(2807,28,'2807','Khoubana','خبانة'),
	(2809,28,'2809','Chellal','شلال'),
	(2811,28,'2811','Magra','مقرة'),
	(2816,28,'2816','Sidi Aissa','سيدي عيسى'),
	(2817,28,'2817','Ain El Hadjel','عين الحجل'),
	(2820,28,'2820','Bousaada','بوسعادة'),
	(2821,28,'2821','Ouled Sidi Brahim','أولاد سيدي ابراهيم'),
	(2822,28,'2822','Sidi Ameur','سيدي عامر'),
	(2824,28,'2824','Ben Srour','بن سرور'),
	(2841,28,'2841','Ain El Melh','عين الملح'),
	(2842,28,'2842','Medjedel','امجدل'),
	(2847,28,'2847','Djebel Messaad','جبل مساعد'),
	(2901,29,'2901','Mascara','معسكر'),
	(2902,29,'2902','Bouhanifia','بوحنيفية'),
	(2903,29,'2903','Tizi','تيزي'),
	(2906,29,'2906','Tighennif','تيغنيف'),
	(2907,29,'2907','Hachem','الحشم'),
	(2910,29,'2910','Oued El Abtal','وادي الأبطال'),
	(2912,29,'2912','Ghriss','غريس'),
	(2917,29,'2917','El Bordj','البرج'),
	(2918,29,'2918','Ain Fekan','عين فكان'),
	(2922,29,'2922','Oued Taria','وادي التاغية'),
	(2923,29,'2923','Aouf','عوف'),
	(2924,29,'2924','Ain Fares','عين فارس'),
	(2926,29,'2926','Sig','سيق'),
	(2927,29,'2927','Oggaz','عقاز'),
	(2930,29,'2930','Zahana','زهانة'),
	(2931,29,'2931','Mohammadia','المحمدية'),
	(3001,30,'3001','Ouargla','ورقلة'),
	(3003,30,'3003','N\'goussa','انقوسة'),
	(3004,30,'3004','Hassi Messaoud','حاسي مسعود'),
	(3011,30,'3011','Sidi Khouiled','سيدي خويلد'),
	(3013,30,'3013','Touggourt','تقرت'),
	(3014,30,'3014','El-Hadjira','الحجيرة'),
	(3015,30,'3015','Taibet','الطيبات'),
	(3016,30,'3016','Temacine','تماسين'),
	(3019,30,'3019','Megarine','المقارين'),
	(3021,30,'3021','El Borma','البرمة'),
	(3101,31,'3101','Oran','وهران'),
	(3102,31,'3102','Gdyel','قديل'),
	(3103,31,'3103','Bir El Djir','بئر الجير'),
	(3105,31,'3105','Es Senia','السانية'),
	(3106,31,'3106','Arzew','أرزيو'),
	(3107,31,'3107','Bethioua','بطيوة'),
	(3109,31,'3109','Ain Turk','عين الترك'),
	(3111,31,'3111','Oued Tlelat','وادي تليلات'),
	(3124,31,'3124','Boutlelis','بوتليليس'),
	(3201,32,'3201','El Bayadh','البيض'),
	(3202,32,'3202','Rogassa','رقاصة'),
	(3203,32,'3203','Brezina','بريزينة'),
	(3204,32,'3204','Boualem','بوعلام'),
	(3205,32,'3205','Labiodh Sidi Cheikh','الأبيض سيدي الشيخ'),
	(3206,32,'3206','Bougtob','بوقطب'),
	(3207,32,'3207','Boussemghoun','بوسمغون'),
	(3208,32,'3208','Chellala','شلالة'),
	(3301,33,'3301','Illizi','إيليزي'),
	(3302,33,'3302','Djanet','جانت'),
	(3306,33,'3306','In Amenas','إن أمناس'),
	(3401,34,'3401','Bordj Bou Arreridj','برج بوعريريج'),
	(3402,34,'3402','Ras El Oued','رأس الوادي'),
	(3403,34,'3403','Bordj Zemmoura','برج زمورة'),
	(3404,34,'3404','Mansourah','المنصورة'),
	(3408,34,'3408','Ain Taghrout','عين تاغروت'),
	(3409,34,'3409','Bordj Ghedir','برج الغدير'),
	(3411,34,'3411','El Hamadia','الحمادية'),
	(3413,34,'3413','Medjana','مجانة'),
	(3415,34,'3415','Djaafra','جعافرة'),
	(3431,34,'3431','Bir Kasdali','بئر قاصد علي'),
	(3501,35,'3501','Boumerdes','بومرداس'),
	(3502,35,'3502','Boudouaou','بودواو'),
	(3504,35,'3504','Bordj Menaiel','برج منايل'),
	(3505,35,'3505','Baghlia','بغلية'),
	(3507,35,'3507','Naciria','الناصرية'),
	(3509,35,'3509','Isser','يسر'),
	(3514,35,'3514','Thenia','الثنية'),
	(3523,35,'3523','Dellys','دلس'),
	(3531,35,'3531','Khemis El Khechna','خميس الخشنة'),
	(3601,36,'3601','El Tarf','الطارف'),
	(3602,36,'3602','Bouhadjar','بوحجار'),
	(3603,36,'3603','Ben M\'hidi','بن مهيدي'),
	(3605,36,'3605','El Kala','القالة'),
	(3608,36,'3608','Bouteldja','بوثلجة'),
	(3613,36,'3613','Drean','الذرعان'),
	(3616,36,'3616','Besbes','البسباس'),
	(3701,37,'3701','Tindouf','تندوف'),
	(3801,38,'3801','Tissemsilt','تيسمسيلت'),
	(3802,38,'3802','Bordj Bounaama','برج بونعامة'),
	(3803,38,'3803','Theniet El Had','ثنية الاحد'),
	(3804,38,'3804','Lazharia','الأزهرية'),
	(3806,38,'3806','Lardjem','لرجام'),
	(3809,38,'3809','Bordj Emir Abdelkader','برج الأمير عبد القادر'),
	(3811,38,'3811','Khemisti','خميستي'),
	(3813,38,'3813','Ammari','عماري'),
	(3901,39,'3901','El Oued','الوادي'),
	(3902,39,'3902','Robbah','الرباح'),
	(3904,39,'3904','Bayadha','البياضة'),
	(3906,39,'3906','Guemar','قمار'),
	(3908,39,'3908','Reguiba','الرقيبة'),
	(3911,39,'3911','Debila','الدبيلة'),
	(3913,39,'3913','Hassi Khalifa','حاسي خليفة'),
	(3914,39,'3914','Taleb Larbi','الطالب العربي'),
	(3918,39,'3918','Magrane','المقرن'),
	(3926,39,'3926','Mih Ouensa','اميه وانسة'),
	(3927,39,'3927','El Meghaier','المغير'),
	(3928,39,'3928','Djamaa','جامعة'),
	(4001,40,'4001','Khenchela','خنشلة'),
	(4003,40,'4003','Kais','قايس'),
	(4005,40,'4005','El Hamma','الحامة'),
	(4006,40,'4006','Ain Touila','عين الطويلة'),
	(4008,40,'4008','Bouhmama','بوحمامة'),
	(4011,40,'4011','Chechar','ششار'),
	(4013,40,'4013','Babar','بابار'),
	(4016,40,'4016','Ouled Rechache','أولاد رشاش'),
	(4101,41,'4101','Souk Ahras','سوق أهراس'),
	(4102,41,'4102','Sedrata','سدراتة'),
	(4104,41,'4104','Mechroha','المشروحة'),
	(4105,41,'4105','Ouled Driss','أولاد إدريس'),
	(4108,41,'4108','Taoura','تاورة'),
	(4110,41,'4110','Haddada','الحدادة'),
	(4112,41,'4112','Merahna','المراهنة'),
	(4114,41,'4114','Bir Bouhouche','بئر بوحوش'),
	(4115,41,'4115','M\'daourouche','مداوروش'),
	(4116,41,'4116','Oum El Adhaim','أم العظايم'),
	(4201,42,'4201','Tipaza','تيبازة'),
	(4208,42,'4208','Hadjout','حجوط'),
	(4209,42,'4209','Sidi Amar','سيدي أعمر'),
	(4210,42,'4210','Gouraya','قوراية'),
	(4214,42,'4214','Cherchell','شرشال'),
	(4215,42,'4215','Damous','الداموس'),
	(4217,42,'4217','Fouka','فوكة'),
	(4218,42,'4218','Bou Ismail','بواسماعيل'),
	(4219,42,'4219','Ahmar El Ain','أحمر العين'),
	(4224,42,'4224','Kolea','القليعة'),
	(4301,43,'4301','Mila','ميلة'),
	(4302,43,'4302','Ferdjioua','فرجيوة'),
	(4303,43,'4303','Chelghoum Laid','شلغوم العيد'),
	(4306,43,'4306','Teleghma','التلاغمة'),
	(4308,43,'4308','Tadjenanet','تاجنانت'),
	(4310,43,'4310','Oued Endja','وادي النجاء'),
	(4314,43,'4314','Bouhatem','بوحاتم'),
	(4315,43,'4315','Rouached','الرواشد'),
	(4317,43,'4317','Grarem Gouga','القرارم قوقة'),
	(4318,43,'4318','Sidi Merouane','سيدي مروان'),
	(4319,43,'4319','Tassadane Haddada','تسدان حدادة'),
	(4323,43,'4323','Terrai Bainen','ترعي باينان'),
	(4330,43,'4330','Ain Beida Harriche','عين البيضاء أحريش'),
	(4401,44,'4401','Ain Defla','عين الدفلى'),
	(4402,44,'4402','Miliana','مليانة'),
	(4403,44,'4403','Boumedfaa','بومدفع'),
	(4404,44,'4404','Khemis','خميس'),
	(4405,44,'4405','Hammam Righa','حمام ريغة'),
	(4407,44,'4407','Djelida','جليدة'),
	(4408,44,'4408','El Amra','العامرة'),
	(4410,44,'4410','El Attaf','العطاف'),
	(4411,44,'4411','El Abadia','العبادية'),
	(4412,44,'4412','Djendel','جندل'),
	(4414,44,'4414','Ain Lechiakh','عين الاشياخ'),
	(4416,44,'4416','Rouina','الروينة'),
	(4422,44,'4422','Bordj El Emir Khaled','برج الأمير خالد'),
	(4431,44,'4431','Bathia','بطحية'),
	(4501,45,'4501','Naama','النعامة'),
	(4502,45,'4502','Mecheria','المشرية'),
	(4503,45,'4503','Ain Sefra','عين الصفراء'),
	(4505,45,'4505','Sfissifa','سفيسيفة'),
	(4506,45,'4506','Moghrar','مغرار'),
	(4507,45,'4507','Asla','عسلة'),
	(4510,45,'4510','Mekmen Ben Amar','مكمن بن عمار'),
	(4601,46,'4601','Ain Temouchent','عين تموشنت'),
	(4604,46,'4604','Hammam Bou Hadjar','حمام بوحجر'),
	(4609,46,'4609','Ain Larbaa','عين الأربعاء'),
	(4614,46,'4614','El Maleh','المالح'),
	(4619,46,'4619','El Amria','العامرية'),
	(4622,46,'4622','Ain Kihel','عين الكيحل'),
	(4623,46,'4623','Beni Saf','بني صاف'),
	(4625,46,'4625','Oulhassa Gheraba','ولهاصة الغرابة'),
	(4701,47,'4701','Ghardaia','غرداية'),
	(4702,47,'4702','El Menia','المنيعة'),
	(4703,47,'4703','Dhayet Ben Dhahoua','ضاية بن ضحوة'),
	(4704,47,'4704','Berriane','بريان'),
	(4705,47,'4705','Metlili','متليلي'),
	(4706,47,'4706','El Guerrara','القرارة'),
	(4708,47,'4708','Zelfana','زلفانة'),
	(4710,47,'4710','Bounoura','بونورة'),
	(4713,47,'4713','Mansourah','المنصورة'),
	(4801,48,'4801','Relizane','غليزان'),
	(4802,48,'4802','Oued Rhiou','وادي رهيو'),
	(4807,48,'4807','El H\'madna','الحمادنة'),
	(4808,48,'4808','Sidi M\'hamed Ben Ali','سيدي أمحمد بن علي'),
	(4811,48,'4811','Ammi Moussa','عمي موسى'),
	(4812,48,'4812','Zemmoura','زمورة'),
	(4814,48,'4814','Djidiouia','جديوية'),
	(4817,48,'4817','El Matmar','المطمر'),
	(4819,48,'4819','Ain Tarek','عين طارق'),
	(4822,48,'4822','Mazouna','مازونة'),
	(4825,48,'4825','Yellel','يلل'),
	(4827,48,'4827','Ramka','الرمكة'),
	(4828,48,'4828','Mendes','منداس'),
	(10901,1,'10901','Timimoun (Wilaya Déléguée) ','تيميمون (ولاية منتدبة)'),
	(12501,1,'12501','Bordj Badji Mokhtar (Wilaya Déléguée) ','برج باجي مختار (ولاية منتدبة)'),
	(70507,7,'70507','Ouled Djellal (Wilaya Déléguée) ','أولاد جلال (ولاية منتدبة)'),
	(80708,8,'80708','Beni Abbes (Wilaya Déléguée) ','بني عباس (ولاية منتدبة)'),
	(110411,11,'110411','In Guezzam (Wilaya Déléguée) ','عين قزام (ولاية منتدبة)'),
	(110811,11,'110811','In Salah (Wilaya Déléguée) ','عين صالح (ولاية منتدبة)'),
	(301330,30,'301330','Touggourt (Wilaya Déléguée) ','تقرت (ولاية منتدبة)'),
	(330233,33,'330233','Djanet (Wilaya Déléguée) ','جانت (ولاية منتدبة)'),
	(392739,39,'392739','El Meghaier (Wilaya Déléguée) ','المغير (ولاية منتدبة)'),
	(470247,47,'470247','El Menia (Wilaya Déléguée) ','المنيعة (ولاية منتدبة)');

/*!40000 ALTER TABLE `dairas` ENABLE KEYS */;
UNLOCK TABLES;


# Dump of table wilayas
# ------------------------------------------------------------

DROP TABLE IF EXISTS `wilayas`;

CREATE TABLE `wilayas` (
  `id` int(10) unsigned NOT NULL AUTO_INCREMENT,
  `code` varchar(255) COLLATE utf8_unicode_ci NOT NULL,
  `name` varchar(255) COLLATE utf8_unicode_ci NOT NULL,
  `name_ar` varchar(255) COLLATE utf8_unicode_ci DEFAULT NULL,
  PRIMARY KEY (`id`)
) ENGINE=InnoDB DEFAULT CHARSET=utf8 COLLATE=utf8_unicode_ci;

LOCK TABLES `wilayas` WRITE;
/*!40000 ALTER TABLE `wilayas` DISABLE KEYS */;

INSERT INTO `wilayas` (`id`, `code`, `name`, `name_ar`)
VALUES
	(1,'01','Adrar','أدرار'),
	(2,'02','Chlef',' الشلف'),
	(3,'03','Laghouat','الأغواط'),
	(4,'04','Oum El Bouaghi','أم البواقي'),
	(5,'05','Batna','باتنة'),
	(6,'06','Béjaïa',' بجاية'),
	(7,'07','Biskra','بسكرة'),
	(8,'08','Béchar','بشار'),
	(9,'09','Blida','البليدة'),
	(10,'10','Bouira','البويرة'),
	(11,'11','Tamanrasset','تمنراست'),
	(12,'12','Tébessa','تبسة'),
	(13,'13','Tlemcen','تلمسان'),
	(14,'14','Tiaret','تيارت'),
	(15,'15','Tizi Ouzou','تيزي وزو'),
	(16,'16','Alger','الجزائر'),
	(17,'17','Djelfa','الجلفة'),
	(18,'18','Jijel','جيجل'),
	(19,'19','Sétif','سطيف'),
	(20,'20','Saïda','سعيدة'),
	(21,'21','Skikda','سكيكدة'),
	(22,'22','Sidi Bel Abbès','سيدي بلعباس'),
	(23,'23','Annaba','عنابة'),
	(24,'24','Guelma','قالمة'),
	(25,'25','Constantine','قسنطينة'),
	(26,'26','Médéa','المدية'),
	(27,'27','Mostaganem','مستغانم'),
	(28,'28','M\'Sila','المسيلة'),
	(29,'29','Mascara','معسكر'),
	(30,'30','Ouargla','ورقلة'),
	(31,'31','Oran','وهران'),
	(32,'32','El Bayadh','البيض'),
	(33,'33','Illizi','إليزي'),
	(34,'34','Bordj Bou Arreridj','برج بوعريريج'),
	(35,'35','Boumerdès','بومرداس'),
	(36,'36','El Tarf','الطارف'),
	(37,'37','Tindouf','تندوف'),
	(38,'38','Tissemsilt','تيسمسيلت'),
	(39,'39','El Oued','الوادي'),
	(40,'40','Khenchela','خنشلة'),
	(41,'41','Souk Ahras','سوق أهراس'),
	(42,'42','Tipaza','تيبازة'),
	(43,'43','Mila','ميلة'),
	(44,'44','Aïn Defla','عين الدفلة'),
	(45,'45','Naâma','النعامة'),
	(46,'46','Aïn Témouchent','عين تيموشنت'),
	(47,'47','Ghardaïa','غرداية'),
	(48,'48','Relizane','غليزان');

/*!40000 ALTER TABLE `wilayas` ENABLE KEYS */;
UNLOCK TABLES;



/*!40111 SET SQL_NOTES=@OLD_SQL_NOTES */;
/*!40101 SET SQL_MODE=@OLD_SQL_MODE */;
/*!40014 SET FOREIGN_KEY_CHECKS=@OLD_FOREIGN_KEY_CHECKS */;
/*!40101 SET CHARACTER_SET_CLIENT=@OLD_CHARACTER_SET_CLIENT */;
/*!40101 SET CHARACTER_SET_RESULTS=@OLD_CHARACTER_SET_RESULTS */;
/*!40101 SET COLLATION_CONNECTION=@OLD_COLLATION_CONNECTION */;
